date,starttime,endtime,trainingtypeid,hallid,trainer,manager
2023-05-15,12:30:16,13:30:16,2,18,20,5
2021-09-10,18:34:36,19:34:36,5,17,10,3
2023-06-03,16:45:59,17:45:59,3,12,12,4
2021-09-22,14:46:37,15:46:37,7,14,20,4
2021-01-16,11:55:05,12:55:05,1,20,5,3
2024-05-07,08:44:46,09:44:46,5,13,11,2
2021-02-26,19:56:30,20:56:30,6,2,14,5
2024-09-06,15:37:06,16:37:06,1,2,13,2
2022-10-24,19:55:41,20:55:41,5,1,15,1
2024-10-14,16:17:34,17:17:34,7,4,6,3
2022-01-01,10:17:40,11:17:40,5,4,16,1
2022-12-27,18:36:19,19:36:19,7,19,8,2
2020-12-10,14:36:58,15:36:58,5,13,12,3
2023-03-10,13:27:09,14:27:09,2,15,6,3
2024-03-06,20:21:25,21:21:25,2,9,9,3
2024-09-26,13:10:53,14:10:53,3,12,8,2
2024-05-20,19:43:41,20:43:41,4,11,7,1
2024-08-09,16:55:46,17:55:46,1,17,19,5
2023-12-04,13:36:01,14:36:01,2,20,13,1
2021-09-28,09:04:47,10:04:47,6,9,2,4
2024-09-21,20:18:13,21:18:13,1,4,13,1
2024-06-30,17:04:26,18:04:26,2,9,12,5
2021-05-24,14:59:23,15:59:23,2,4,9,5
2024-10-13,08:47:41,09:47:41,3,11,20,5
2021-02-14,18:03:39,19:03:39,5,3,3,5
2021-06-22,15:59:46,16:59:46,2,14,15,1
2021-02-23,14:18:05,15:18:05,3,9,3,4
2024-07-19,08:29:59,09:29:59,7,3,19,4
2022-03-03,15:07:21,16:07:21,3,6,1,5
2023-11-06,08:20:10,09:20:10,1,3,14,4
2023-12-22,09:20:38,10:20:38,2,14,11,3
2021-03-14,13:05:29,14:05:29,2,3,7,4
2021-11-19,08:54:03,09:54:03,2,10,5,2
2022-07-30,13:09:16,14:09:16,2,19,14,3
2021-06-20,20:14:17,21:14:17,3,19,11,1
2024-08-26,14:05:24,15:05:24,4,20,20,4
2024-03-25,18:36:11,19:36:11,3,7,8,5
2021-04-09,09:54:16,10:54:16,5,17,3,1
2023-07-18,08:38:08,09:38:08,7,7,7,1
2022-08-31,17:36:13,18:36:13,2,4,15,3
2023-04-03,08:08:52,09:08:52,6,14,2,1
2021-11-12,11:16:28,12:16:28,2,2,8,2
2021-03-19,15:50:26,16:50:26,4,16,11,3
2020-12-26,09:55:43,10:55:43,1,10,6,4
2020-12-16,18:53:44,19:53:44,1,11,3,5
2022-08-20,10:03:54,11:03:54,6,19,14,2
2021-05-12,10:59:03,11:59:03,7,16,3,4
2021-09-05,08:16:54,09:16:54,3,18,10,4
2021-03-29,09:00:41,10:00:41,3,9,11,1
2024-04-26,11:36:37,12:36:37,1,13,15,1
2024-08-20,18:00:27,19:00:27,3,9,20,5
2023-02-19,09:51:45,10:51:45,3,9,11,2
2021-06-22,19:42:59,20:42:59,2,16,8,4
2024-07-10,12:20:32,13:20:32,4,9,13,2
2022-08-23,14:01:35,15:01:35,6,2,20,3
2024-04-08,16:52:32,17:52:32,2,19,2,1
2021-03-04,20:24:25,21:24:25,1,10,2,4
2023-11-19,20:42:43,21:42:43,4,10,20,3
2021-09-04,12:56:10,13:56:10,5,7,17,1
2022-01-23,19:24:22,20:24:22,6,18,14,5
2021-01-18,18:34:05,19:34:05,1,19,13,3
2022-02-03,11:58:11,12:58:11,3,17,13,4
2023-12-22,16:34:44,17:34:44,5,16,18,1
2024-07-20,10:53:02,11:53:02,5,7,19,1
2024-07-26,11:12:49,12:12:49,3,8,6,2
2021-12-22,19:54:12,20:54:12,6,14,1,3
2024-03-22,12:37:23,13:37:23,5,17,14,3
2021-05-16,09:44:39,10:44:39,5,1,17,1
2023-09-11,13:37:34,14:37:34,5,12,13,4
2021-03-30,19:50:40,20:50:40,6,10,16,1
2024-04-11,11:52:40,12:52:40,7,6,15,5
2024-08-23,14:45:06,15:45:06,5,14,17,5
2023-07-22,16:27:09,17:27:09,3,11,18,5
2023-08-03,08:14:29,09:14:29,7,13,1,5
2024-05-06,19:31:21,20:31:21,6,20,3,2
2023-07-09,17:28:10,18:28:10,2,16,7,4
2020-11-26,19:49:03,20:49:03,5,7,18,3
2024-07-31,09:46:38,10:46:38,1,10,6,1
2024-01-06,09:00:56,10:00:56,3,5,8,3
2024-04-18,18:11:37,19:11:37,4,17,15,5
2023-01-16,13:23:06,14:23:06,1,1,9,5
2021-06-01,14:54:49,15:54:49,3,4,8,1
2024-05-19,17:55:41,18:55:41,3,8,12,5
2021-07-29,19:33:42,20:33:42,2,17,9,4
2023-06-27,13:07:13,14:07:13,4,10,16,4
2021-08-25,11:45:40,12:45:40,3,1,11,3
2023-02-28,19:16:47,20:16:47,1,13,8,1
2024-07-04,20:51:10,21:51:10,6,1,14,1
2021-04-27,08:44:43,09:44:43,4,9,7,3
2023-06-06,20:09:21,21:09:21,5,10,6,3
2023-09-13,17:43:04,18:43:04,3,19,2,5
2022-10-30,16:57:51,17:57:51,6,17,14,5
2021-05-06,15:25:31,16:25:31,1,11,17,2
2024-07-05,11:52:43,12:52:43,3,4,2,4
2023-12-02,11:50:27,12:50:27,4,12,9,1
2021-11-01,16:18:55,17:18:55,5,9,11,3
2021-04-07,14:20:31,15:20:31,5,14,17,5
2023-09-30,17:45:20,18:45:20,3,5,14,4
2021-02-07,09:59:52,10:59:52,4,16,20,1
2022-08-17,13:42:21,14:42:21,7,3,2,1
2024-09-01,13:23:22,14:23:22,5,18,18,3
2024-11-01,15:16:46,16:16:46,6,13,15,3
2022-09-19,19:18:53,20:18:53,6,7,11,3
2023-12-26,10:11:44,11:11:44,4,8,19,1
2022-05-19,16:28:51,17:28:51,6,13,2,3
2024-01-13,12:37:44,13:37:44,5,16,6,4
2022-08-27,16:59:51,17:59:51,4,7,11,5
2024-02-07,10:26:14,11:26:14,3,14,19,3
2021-02-12,20:10:57,21:10:57,5,14,16,3
2021-08-16,16:36:32,17:36:32,6,20,12,4
2022-11-29,11:48:00,12:48:00,4,17,18,2
2021-03-09,13:32:55,14:32:55,6,14,1,1
2022-03-08,12:26:41,13:26:41,4,3,18,1
2021-05-02,10:29:03,11:29:03,6,20,4,1
2022-11-09,15:27:41,16:27:41,2,14,11,4
2021-06-04,08:41:11,09:41:11,7,13,19,3
2021-07-07,18:14:37,19:14:37,6,10,19,1
2024-06-16,20:48:02,21:48:02,5,14,11,4
2023-11-23,18:38:05,19:38:05,5,4,17,2
2021-07-21,11:53:38,12:53:38,7,8,20,4
2023-02-02,17:30:08,18:30:08,5,16,13,3
2023-06-02,11:54:57,12:54:57,7,6,18,1
2022-11-16,19:38:56,20:38:56,1,7,20,5
2022-07-01,08:23:09,09:23:09,7,13,17,5
2024-09-12,12:41:23,13:41:23,3,18,13,3
2023-04-14,18:16:31,19:16:31,1,7,19,1
2021-05-01,16:05:40,17:05:40,4,14,15,1
2024-09-17,09:32:40,10:32:40,2,18,5,2
2022-10-05,11:18:19,12:18:19,2,17,15,4
2021-05-29,09:09:00,10:09:00,3,13,1,1
2021-06-02,12:07:51,13:07:51,4,1,3,4
2021-01-21,12:09:21,13:09:21,2,9,18,5
2022-02-15,11:42:06,12:42:06,6,14,12,1
2024-11-11,19:06:01,20:06:01,4,16,3,4
2021-07-12,13:23:28,14:23:28,3,18,5,1
2021-01-11,10:32:19,11:32:19,3,13,4,3
2024-04-13,14:21:36,15:21:36,7,4,14,1
2022-02-28,16:24:25,17:24:25,5,3,5,4
2024-09-30,14:39:17,15:39:17,1,3,1,2
2021-04-15,14:56:52,15:56:52,4,7,16,1
2024-08-09,09:02:30,10:02:30,7,12,9,4
2021-04-08,12:11:06,13:11:06,6,17,5,3
2023-07-04,08:51:25,09:51:25,4,18,5,1
2024-08-03,16:28:14,17:28:14,3,13,1,2
2021-02-01,10:42:58,11:42:58,2,17,8,2
2021-07-10,15:12:20,16:12:20,7,17,1,1
2021-09-04,15:23:54,16:23:54,3,13,9,5
2022-04-18,15:31:53,16:31:53,7,16,14,2
2020-11-18,18:20:13,19:20:13,6,1,2,4
2020-11-29,11:34:14,12:34:14,2,6,15,1
2023-01-10,13:23:41,14:23:41,6,11,5,1
2023-08-09,16:55:12,17:55:12,4,5,2,2
2023-12-19,10:39:10,11:39:10,7,15,16,1
2021-07-22,16:09:44,17:09:44,7,1,4,2
2023-12-27,19:12:50,20:12:50,1,2,19,4
2022-02-05,17:19:00,18:19:00,1,7,18,1
2021-04-28,13:58:45,14:58:45,4,17,11,2
2020-11-26,09:37:16,10:37:16,3,15,19,3
2024-03-16,17:12:54,18:12:54,3,9,15,2
2020-12-26,20:43:19,21:43:19,4,18,5,5
2024-02-18,13:11:39,14:11:39,4,19,9,4
2024-02-09,18:25:10,19:25:10,2,18,8,2
2023-12-13,14:06:46,15:06:46,6,1,4,5
2022-06-06,11:03:45,12:03:45,2,11,5,5
2020-12-29,16:09:29,17:09:29,5,5,2,2
2021-02-02,19:24:25,20:24:25,1,5,7,2
2021-08-15,18:04:36,19:04:36,1,11,13,5
2022-03-04,19:19:46,20:19:46,2,9,10,1
2024-07-08,15:00:46,16:00:46,7,4,16,3
2023-09-29,15:29:13,16:29:13,1,19,6,1
2022-05-11,09:25:29,10:25:29,4,6,9,2
2023-07-20,13:51:55,14:51:55,4,13,15,1
2023-08-08,18:54:11,19:54:11,1,12,3,2
2024-07-21,12:11:25,13:11:25,3,14,13,1
2021-06-19,10:28:19,11:28:19,6,3,20,5
2024-04-01,09:36:16,10:36:16,4,1,4,4
2021-07-07,16:34:30,17:34:30,3,4,9,4
2022-08-03,15:17:19,16:17:19,2,9,2,5
2021-10-18,11:27:10,12:27:10,3,4,9,2
2023-05-13,14:34:16,15:34:16,1,19,17,4
2022-12-21,19:19:44,20:19:44,1,10,6,4
2023-11-09,14:47:08,15:47:08,7,4,9,2
2023-12-20,16:20:55,17:20:55,2,3,10,5
2023-09-02,16:00:56,17:00:56,7,17,14,2
2024-10-20,15:23:03,16:23:03,2,3,4,2
2022-04-27,20:15:49,21:15:49,1,6,14,1
2021-10-07,16:19:27,17:19:27,5,13,1,2
2022-01-02,11:34:59,12:34:59,6,1,17,3
2021-05-22,14:41:59,15:41:59,3,1,17,5
2021-10-31,10:19:49,11:19:49,4,12,2,1
2021-11-28,13:00:44,14:00:44,1,8,20,2
2024-05-03,15:17:31,16:17:31,5,16,12,1
2021-05-10,15:02:40,16:02:40,2,18,18,3
2021-07-28,16:20:36,17:20:36,4,7,17,1
2022-11-13,08:37:06,09:37:06,6,20,4,3
2023-05-31,19:29:19,20:29:19,7,20,5,1
2020-11-17,20:12:45,21:12:45,6,2,18,4
2024-07-30,08:17:36,09:17:36,5,14,17,4
2021-08-16,17:21:21,18:21:21,3,13,13,1
2021-09-03,14:40:54,15:40:54,3,2,2,1
2021-09-14,09:52:16,10:52:16,4,5,5,2
2022-01-19,20:40:54,21:40:54,3,7,11,3
2023-09-29,09:59:43,10:59:43,7,18,20,3
2021-06-10,10:56:32,11:56:32,4,16,1,3
2022-01-21,09:01:31,10:01:31,1,17,20,2
2021-06-28,19:03:29,20:03:29,4,18,9,1
2021-09-13,11:01:05,12:01:05,4,1,10,2
2023-08-07,09:31:59,10:31:59,2,10,10,5
2022-04-14,19:07:42,20:07:42,4,3,5,2
2024-04-04,17:09:05,18:09:05,3,10,17,3
2023-06-24,17:09:43,18:09:43,5,12,17,4
2024-04-24,13:35:08,14:35:08,3,7,6,1
2024-06-24,11:32:02,12:32:02,7,3,8,2
2022-04-27,18:27:50,19:27:50,1,2,7,1
2022-01-05,20:26:57,21:26:57,2,2,2,4
2023-07-25,09:19:32,10:19:32,7,14,7,4
2023-12-07,09:17:48,10:17:48,2,11,5,5
2024-06-05,16:11:44,17:11:44,7,14,1,5
2022-11-26,16:13:28,17:13:28,6,9,13,4
2024-09-03,19:31:47,20:31:47,2,16,1,2
2022-11-09,14:45:30,15:45:30,7,13,16,4
2024-10-02,18:36:54,19:36:54,1,5,10,3
2024-05-17,12:59:50,13:59:50,4,15,9,5
2024-08-08,10:11:32,11:11:32,1,6,5,2
2021-05-22,17:27:48,18:27:48,6,11,20,1
2023-02-16,18:26:24,19:26:24,4,20,12,2
2021-11-01,13:51:44,14:51:44,4,5,18,1
2023-12-24,09:13:19,10:13:19,1,7,20,2
2024-08-08,20:09:05,21:09:05,6,10,18,2
2022-10-12,13:03:44,14:03:44,5,5,4,4
2020-11-27,12:40:41,13:40:41,2,2,7,1
2021-12-29,18:42:50,19:42:50,7,16,12,3
2022-03-25,17:18:52,18:18:52,3,10,14,2
2024-01-11,08:50:26,09:50:26,2,15,15,2
2023-05-29,10:18:51,11:18:51,3,9,17,1
2023-01-22,12:20:28,13:20:28,6,3,12,3
2022-03-28,11:51:51,12:51:51,5,8,13,1
2023-05-08,10:38:38,11:38:38,6,15,18,5
2022-02-14,20:09:14,21:09:14,2,7,7,1
2023-04-27,11:57:29,12:57:29,6,1,5,4
2021-12-07,15:26:04,16:26:04,3,17,4,3
2023-01-04,15:38:43,16:38:43,4,5,18,5
2023-03-04,20:58:58,21:58:58,3,14,8,3
2021-03-16,13:59:18,14:59:18,2,17,14,3
2024-03-21,09:59:10,10:59:10,5,18,20,4
2022-07-17,19:31:38,20:31:38,5,3,16,4
2024-04-07,08:33:56,09:33:56,1,13,18,5
2022-01-31,17:06:11,18:06:11,5,10,6,3
2023-11-12,09:07:20,10:07:20,1,19,9,1
2024-04-04,18:53:42,19:53:42,4,10,6,1
2022-05-08,16:13:49,17:13:49,4,9,17,2
2022-11-23,18:06:31,19:06:31,1,9,2,4
2022-07-21,10:05:00,11:05:00,5,5,17,5
2024-08-17,17:02:04,18:02:04,4,18,20,5
2021-04-15,17:31:23,18:31:23,1,17,18,1
2024-06-29,10:59:56,11:59:56,7,5,1,5
2022-02-10,12:41:09,13:41:09,3,17,2,1
2024-01-03,13:09:17,14:09:17,1,18,13,5
2024-07-13,08:54:05,09:54:05,2,6,11,2
2022-09-05,17:12:36,18:12:36,3,8,16,2
2024-05-08,08:52:11,09:52:11,2,15,18,2
2021-10-27,10:15:02,11:15:02,1,15,15,2
2023-06-27,10:53:48,11:53:48,6,8,9,5
2020-11-29,11:44:49,12:44:49,4,1,20,1
2023-09-25,12:48:38,13:48:38,2,4,8,1
2021-08-23,17:10:54,18:10:54,4,11,20,4
2022-03-05,19:09:09,20:09:09,4,16,1,4
2022-04-06,15:19:05,16:19:05,6,3,15,2
2022-12-23,17:08:03,18:08:03,6,10,3,1
2024-08-16,12:13:22,13:13:22,5,15,12,1
2022-12-08,20:44:25,21:44:25,2,17,11,2
2024-02-20,19:21:40,20:21:40,3,5,14,1
2022-08-02,13:37:59,14:37:59,2,19,11,5
2021-04-18,10:57:47,11:57:47,7,19,7,1
2022-07-07,19:01:45,20:01:45,5,13,10,4
2022-10-31,13:04:53,14:04:53,5,9,9,4
2023-10-06,19:36:44,20:36:44,5,8,20,3
2023-02-18,18:13:44,19:13:44,7,14,8,3
2022-11-05,12:34:34,13:34:34,6,19,6,1
2024-03-31,12:05:32,13:05:32,7,17,20,4
2021-09-07,12:52:34,13:52:34,1,4,3,2
2022-04-20,16:37:56,17:37:56,4,9,19,3
2021-08-16,11:51:18,12:51:18,6,7,9,4
2021-10-30,16:27:40,17:27:40,1,19,1,5
2022-08-11,10:55:46,11:55:46,4,11,12,1
2021-09-07,18:34:17,19:34:17,6,1,9,3
2023-04-01,09:49:03,10:49:03,5,10,19,3
2023-12-25,11:01:20,12:01:20,3,15,16,4
2021-03-29,16:36:57,17:36:57,3,17,6,5
2021-11-13,15:51:50,16:51:50,6,7,14,1
2023-03-05,11:58:44,12:58:44,7,8,15,3
2024-04-29,16:36:15,17:36:15,5,16,8,5
2024-04-09,11:55:28,12:55:28,5,13,8,1
2024-04-03,10:05:04,11:05:04,5,7,15,2
2022-04-05,14:57:37,15:57:37,2,9,13,2
2022-09-26,09:32:48,10:32:48,5,2,8,5
2024-09-06,19:17:05,20:17:05,4,7,20,4
2021-07-05,17:59:56,18:59:56,4,11,14,4
2021-04-11,20:10:07,21:10:07,3,10,20,5
2024-07-27,14:39:17,15:39:17,6,18,3,2
2021-03-02,20:48:48,21:48:48,2,3,7,3
2024-03-25,15:39:12,16:39:12,6,16,10,3
2023-03-10,09:09:07,10:09:07,5,14,4,3
2023-03-29,18:04:55,19:04:55,6,17,11,5
2021-10-12,12:15:26,13:15:26,2,20,12,5
2023-11-29,11:55:04,12:55:04,5,11,11,5
2022-07-09,14:07:00,15:07:00,1,19,14,3
2024-06-29,10:55:40,11:55:40,1,1,8,5
2022-09-26,18:41:50,19:41:50,5,6,16,1
2022-02-26,15:04:03,16:04:03,3,1,14,3
2023-01-01,18:51:39,19:51:39,3,4,12,2
2023-09-26,20:46:27,21:46:27,5,4,4,4
2022-05-02,14:19:16,15:19:16,6,17,3,1
2021-09-13,08:37:21,09:37:21,6,19,14,2
2023-03-16,09:28:30,10:28:30,2,12,17,4
2024-05-30,18:27:23,19:27:23,6,17,15,2
2024-05-15,12:26:57,13:26:57,2,7,6,2
2024-08-14,19:35:25,20:35:25,2,4,16,2
2020-11-17,12:12:56,13:12:56,3,5,1,3
2021-02-05,14:42:19,15:42:19,1,16,20,1
2023-06-28,11:30:20,12:30:20,3,18,18,4
2021-08-17,09:44:17,10:44:17,6,14,13,4
2023-06-29,20:49:07,21:49:07,3,17,19,2
2021-11-08,14:50:11,15:50:11,5,7,3,2
2022-09-23,20:52:32,21:52:32,3,7,6,5
2020-12-11,10:49:55,11:49:55,4,11,2,5
2021-04-11,15:35:01,16:35:01,6,10,9,1
2020-12-19,19:22:31,20:22:31,3,4,5,2
2024-10-14,20:39:17,21:39:17,4,11,1,5
2024-10-31,08:49:19,09:49:19,1,13,15,3
2024-02-09,15:56:56,16:56:56,7,11,18,2
2023-09-10,14:22:03,15:22:03,7,4,19,3
2024-09-13,13:21:18,14:21:18,7,2,4,4
2023-01-25,19:14:33,20:14:33,5,5,8,1
2021-09-19,08:24:33,09:24:33,7,14,14,3
2024-11-07,09:34:20,10:34:20,4,12,12,5
2021-12-29,20:32:36,21:32:36,1,12,16,5
2022-10-19,08:21:18,09:21:18,3,6,14,5
2023-12-20,08:11:10,09:11:10,1,8,1,1
2021-08-09,13:06:19,14:06:19,3,19,19,3
2024-03-23,14:36:49,15:36:49,2,8,18,1
2022-01-16,15:16:12,16:16:12,2,9,5,1
2021-04-01,20:57:27,21:57:27,5,9,2,4
2021-10-11,09:51:51,10:51:51,2,15,16,5
2024-11-08,15:45:13,16:45:13,5,4,17,2
2024-02-23,18:58:16,19:58:16,7,5,19,5
2024-10-23,08:36:05,09:36:05,3,11,19,4
2021-08-06,10:09:16,11:09:16,4,5,15,5
2023-11-19,18:16:03,19:16:03,3,2,14,5
2020-12-22,14:25:24,15:25:24,3,2,16,1
2024-03-28,20:42:45,21:42:45,4,4,6,4
2022-02-23,20:27:45,21:27:45,7,17,11,3
2022-10-28,17:36:58,18:36:58,3,19,20,5
2021-03-14,08:45:43,09:45:43,7,11,2,3
2022-11-28,13:15:21,14:15:21,3,9,14,5
2024-06-21,11:44:11,12:44:11,6,19,18,4
2024-09-18,12:50:47,13:50:47,3,20,19,4
2022-07-26,16:35:58,17:35:58,4,2,14,3
2021-01-31,14:52:51,15:52:51,1,12,14,3
2024-06-15,18:05:06,19:05:06,2,19,2,3
2022-01-28,16:58:46,17:58:46,7,5,2,5
2022-06-26,12:38:21,13:38:21,3,12,7,2
2024-02-04,19:43:24,20:43:24,1,3,16,4
2021-01-31,10:41:31,11:41:31,7,6,1,4
2021-02-23,08:07:55,09:07:55,6,3,1,1
2021-11-01,10:53:33,11:53:33,1,8,3,5
2021-03-22,10:32:30,11:32:30,2,13,11,5
2024-04-27,16:28:24,17:28:24,2,14,8,2
2021-03-05,12:44:56,13:44:56,6,20,9,4
2024-07-21,19:55:44,20:55:44,5,5,10,1
2021-03-10,17:08:30,18:08:30,3,16,3,1
2023-01-17,14:19:05,15:19:05,4,10,19,5
2022-12-04,11:20:59,12:20:59,2,10,1,5
2022-03-18,20:56:39,21:56:39,6,14,13,3
2022-11-04,19:54:39,20:54:39,4,18,13,2
2024-06-15,09:47:56,10:47:56,5,14,18,2
2022-03-22,17:58:11,18:58:11,1,11,7,4
2023-01-16,18:34:44,19:34:44,7,16,13,5
2021-12-07,14:16:17,15:16:17,1,13,11,1
2022-02-02,14:09:07,15:09:07,7,11,16,5
2023-12-13,10:52:55,11:52:55,5,11,3,2
2021-07-20,08:20:03,09:20:03,5,19,9,2
2020-12-05,17:18:30,18:18:30,1,7,13,1
2021-02-05,11:12:01,12:12:01,4,3,11,2
2023-09-20,14:58:38,15:58:38,4,17,14,1
2023-11-20,13:24:13,14:24:13,5,3,3,3
2023-04-29,16:37:37,17:37:37,5,6,12,3
2022-05-03,12:05:39,13:05:39,2,11,14,3
2023-07-24,09:24:22,10:24:22,6,18,19,4
2021-06-02,09:05:31,10:05:31,1,2,16,4
2021-10-30,19:42:04,20:42:04,6,9,2,2
2024-08-19,12:03:56,13:03:56,7,12,9,2
2021-06-08,12:16:14,13:16:14,6,2,2,5
2024-06-30,09:08:19,10:08:19,6,9,12,5
2022-10-19,20:35:51,21:35:51,4,19,6,1
2023-06-30,13:06:34,14:06:34,4,11,3,5
2024-07-22,12:53:21,13:53:21,4,20,12,4
2023-12-25,08:55:40,09:55:40,4,20,8,5
2024-01-11,17:13:59,18:13:59,6,6,3,1
2022-07-11,20:14:02,21:14:02,4,20,5,3
2022-11-19,20:38:06,21:38:06,2,4,5,3
2021-08-17,14:38:55,15:38:55,2,12,7,3
2023-12-11,18:59:57,19:59:57,7,2,19,1
2023-11-18,10:34:16,11:34:16,1,8,2,3
2022-07-08,09:27:27,10:27:27,3,20,7,5
2024-05-22,08:08:37,09:08:37,1,11,11,1
2023-09-26,13:43:38,14:43:38,2,3,20,1
2022-03-12,19:50:25,20:50:25,5,8,20,3
2024-05-28,10:13:11,11:13:11,1,15,10,5
2024-06-03,20:59:06,21:59:06,3,12,6,3
2023-04-07,17:32:27,18:32:27,7,10,8,3
2020-12-10,20:58:26,21:58:26,5,8,11,5
2024-02-20,16:59:10,17:59:10,7,10,14,1
2023-04-16,12:17:05,13:17:05,4,10,10,4
2022-06-22,09:08:32,10:08:32,7,14,13,2
2020-12-19,15:10:17,16:10:17,2,7,18,2
2022-08-10,16:03:24,17:03:24,5,15,20,3
2021-10-06,19:53:15,20:53:15,1,17,4,2
2023-05-15,11:17:15,12:17:15,6,16,2,1
2023-10-21,09:09:37,10:09:37,1,15,16,1
2023-03-21,13:13:04,14:13:04,2,3,4,2
2024-09-28,16:15:50,17:15:50,4,20,13,2
2021-11-10,09:40:28,10:40:28,1,2,19,2
2024-11-16,17:53:05,18:53:05,3,2,7,4
2022-08-22,15:11:23,16:11:23,1,5,19,3
2024-08-05,17:25:09,18:25:09,6,2,3,1
2023-02-28,09:34:59,10:34:59,7,1,16,4
2020-12-06,10:39:39,11:39:39,5,1,7,3
2023-04-23,09:47:21,10:47:21,7,18,20,3
2022-10-10,11:38:06,12:38:06,1,9,2,3
2022-01-23,20:28:34,21:28:34,4,7,11,4
2020-12-22,18:54:23,19:54:23,7,11,3,4
2023-06-15,19:28:39,20:28:39,2,9,9,5
2023-12-07,17:58:31,18:58:31,1,10,18,4
2021-06-10,16:13:08,17:13:08,4,16,3,1
2024-10-07,18:33:53,19:33:53,5,18,14,3
2023-05-16,14:37:02,15:37:02,6,10,7,5
2024-03-07,17:37:57,18:37:57,5,14,12,3
2021-03-06,09:48:33,10:48:33,2,10,16,4
2022-01-23,09:05:53,10:05:53,4,8,18,1
2022-07-16,11:45:24,12:45:24,1,10,12,1
2023-02-17,09:16:09,10:16:09,6,9,8,4
2021-11-10,14:36:36,15:36:36,6,20,2,1
2021-01-19,18:18:46,19:18:46,1,15,8,4
2022-08-12,10:53:36,11:53:36,5,3,1,2
2024-06-07,18:39:51,19:39:51,6,1,16,1
2021-05-24,11:30:13,12:30:13,7,17,11,1
2023-10-02,09:46:52,10:46:52,5,17,20,1
2023-08-28,12:40:44,13:40:44,2,14,2,2
2023-02-12,20:58:16,21:58:16,1,18,9,2
2022-04-14,11:42:30,12:42:30,1,4,18,3
2021-07-15,09:28:04,10:28:04,6,19,11,4
2022-08-17,17:48:36,18:48:36,1,7,3,3
2022-01-03,19:51:48,20:51:48,3,6,9,1
2024-08-27,16:10:49,17:10:49,6,13,1,4
2023-05-13,15:57:28,16:57:28,2,3,18,1
2022-03-20,08:08:46,09:08:46,4,8,12,1
2022-02-20,13:21:57,14:21:57,1,17,15,5
2024-06-11,18:38:34,19:38:34,6,1,12,1
2024-09-17,10:26:05,11:26:05,6,7,2,2
2021-04-23,13:03:13,14:03:13,3,17,12,2
2023-03-22,17:51:07,18:51:07,5,7,8,1
2023-03-18,13:04:49,14:04:49,3,15,2,3
2024-09-14,18:01:37,19:01:37,2,13,5,4
2024-03-30,11:06:26,12:06:26,4,18,14,4
2023-08-18,16:07:22,17:07:22,5,19,10,4
2021-07-31,10:00:24,11:00:24,4,1,2,5
2022-02-26,15:10:55,16:10:55,3,17,8,1
2024-06-24,09:19:42,10:19:42,6,7,3,5
2023-09-13,14:51:27,15:51:27,2,13,12,3
2021-09-26,08:10:29,09:10:29,6,17,16,2
2024-08-10,14:51:52,15:51:52,5,12,2,5
2024-09-28,11:19:02,12:19:02,3,11,2,1
2020-12-28,15:30:18,16:30:18,6,16,14,5
2021-05-29,15:19:11,16:19:11,1,19,5,1
2024-04-22,15:26:08,16:26:08,2,6,6,2
2023-11-11,09:37:26,10:37:26,2,19,5,3
2023-03-16,09:13:28,10:13:28,2,6,4,2
2021-06-25,11:13:00,12:13:00,5,8,3,2
2021-02-12,13:48:20,14:48:20,1,10,4,4
2022-07-27,20:34:38,21:34:38,2,8,18,4
2023-02-15,09:17:58,10:17:58,6,12,7,2
2022-05-05,16:08:37,17:08:37,1,20,16,1
2021-01-10,12:38:59,13:38:59,3,18,7,4
2022-11-17,13:28:59,14:28:59,3,3,3,1
2022-11-30,17:54:52,18:54:52,3,12,12,3
2021-05-29,10:04:49,11:04:49,5,17,8,4
2021-11-18,16:29:57,17:29:57,4,11,6,2
2020-12-26,20:09:37,21:09:37,5,11,5,3
2022-11-18,09:19:28,10:19:28,3,3,6,1
2021-02-14,10:48:15,11:48:15,5,10,14,5
2023-06-15,18:20:31,19:20:31,6,7,15,2
2021-12-01,19:25:09,20:25:09,1,12,20,1
2023-03-22,14:44:05,15:44:05,5,8,8,3
2024-06-21,12:35:37,13:35:37,7,1,7,1
2024-09-19,20:52:28,21:52:28,3,9,13,1
2022-07-11,15:54:19,16:54:19,3,14,4,3
2023-06-03,10:08:13,11:08:13,1,14,1,5
2024-06-22,18:10:52,19:10:52,5,19,10,5
2021-02-07,14:29:46,15:29:46,2,2,16,2
2022-07-09,09:16:36,10:16:36,3,15,13,4
2024-08-10,17:46:47,18:46:47,4,18,20,5
2021-12-13,15:27:01,16:27:01,4,15,3,2
2023-06-12,19:50:58,20:50:58,6,12,12,4
2024-08-06,11:54:58,12:54:58,1,13,18,4
2021-01-25,14:49:32,15:49:32,7,10,1,4
2021-08-06,14:33:26,15:33:26,5,9,18,3
2024-07-28,19:36:53,20:36:53,7,16,8,3
2024-05-26,14:42:39,15:42:39,7,18,11,5
2022-04-04,11:45:57,12:45:57,2,13,18,4
2023-03-16,17:37:14,18:37:14,5,14,11,4
2021-09-02,11:35:28,12:35:28,6,14,20,1
2023-11-08,11:37:17,12:37:17,6,10,19,4
2021-03-24,19:11:48,20:11:48,3,3,2,2
2024-08-02,12:02:05,13:02:05,3,19,4,3
2022-12-05,19:08:23,20:08:23,4,6,19,3
2023-04-26,13:46:15,14:46:15,2,12,20,4
2024-02-07,18:22:38,19:22:38,7,3,6,3
2022-05-12,09:17:08,10:17:08,3,4,12,1
2021-08-04,14:40:46,15:40:46,3,17,18,5
2023-02-17,13:24:46,14:24:46,6,14,20,4
2022-01-28,15:48:10,16:48:10,1,9,11,1
2021-02-07,16:52:08,17:52:08,5,13,11,1
2021-04-03,09:21:32,10:21:32,3,20,6,5
2021-12-03,16:14:36,17:14:36,5,17,13,5
2022-08-21,09:13:04,10:13:04,7,7,5,2
2022-09-13,09:51:54,10:51:54,5,10,7,5
2024-11-11,17:17:31,18:17:31,2,11,7,4
2022-03-03,18:01:13,19:01:13,7,15,12,1
2021-08-14,20:20:41,21:20:41,4,10,5,5
2022-06-25,19:33:16,20:33:16,2,18,5,2
2020-12-19,16:06:08,17:06:08,2,17,3,3
2023-05-06,18:17:14,19:17:14,4,2,4,3
2024-08-01,08:25:43,09:25:43,4,7,8,1
2022-01-25,08:12:10,09:12:10,1,6,8,1
2020-12-19,17:29:49,18:29:49,3,7,15,1
2022-08-16,11:43:48,12:43:48,2,18,3,2
2021-03-01,19:16:16,20:16:16,2,15,6,1
2023-03-24,17:12:04,18:12:04,5,10,20,5
2024-01-13,20:00:44,21:00:44,1,17,11,2
2021-12-28,13:51:45,14:51:45,6,6,9,1
2021-11-03,20:19:21,21:19:21,2,9,12,1
2023-10-25,10:17:48,11:17:48,6,3,4,2
2023-04-12,17:27:36,18:27:36,3,20,4,3
2024-02-27,13:42:34,14:42:34,7,10,19,1
2021-06-01,16:53:10,17:53:10,1,5,13,5
2023-12-10,11:53:44,12:53:44,1,2,13,2
2023-01-30,10:53:27,11:53:27,4,19,14,2
2022-12-31,18:27:35,19:27:35,2,6,4,5
2022-11-20,14:29:02,15:29:02,6,7,10,5
2023-10-08,12:15:48,13:15:48,6,19,1,1
2021-02-16,19:41:02,20:41:02,1,1,8,2
2021-05-14,20:00:03,21:00:03,1,6,5,2
2021-05-08,18:11:45,19:11:45,1,16,4,3
2021-04-05,11:10:32,12:10:32,3,17,3,5
2022-10-20,18:22:46,19:22:46,1,19,20,3
2024-05-14,08:44:42,09:44:42,3,7,3,4
2021-08-18,08:28:23,09:28:23,5,3,18,4
2024-01-22,12:44:17,13:44:17,3,10,13,1
2022-08-15,14:45:01,15:45:01,2,12,1,1
2024-03-08,17:31:33,18:31:33,1,13,6,4
2024-08-12,11:45:17,12:45:17,1,7,5,4
2022-02-20,20:21:09,21:21:09,6,19,9,2
2023-09-07,17:08:39,18:08:39,2,16,6,5
2023-11-18,18:45:36,19:45:36,4,13,10,1
2023-12-28,12:44:32,13:44:32,7,18,9,4
2021-06-30,12:31:15,13:31:15,6,12,11,4
2021-07-10,19:14:31,20:14:31,7,18,10,4
2021-09-13,16:12:49,17:12:49,4,2,11,2
2022-09-04,16:29:16,17:29:16,1,17,9,1
2023-04-17,20:10:50,21:10:50,6,10,7,4
2022-01-16,19:39:45,20:39:45,3,20,8,1
2023-04-10,11:56:04,12:56:04,1,1,15,5
2021-11-10,16:30:13,17:30:13,2,3,1,5
2021-11-05,20:12:56,21:12:56,1,13,11,1
2022-06-27,14:17:22,15:17:22,5,11,2,4
2020-12-27,14:53:42,15:53:42,7,1,5,2
2021-10-20,08:51:00,09:51:00,1,14,12,5
2024-10-18,19:44:23,20:44:23,5,10,19,5
2021-09-20,20:43:14,21:43:14,5,12,13,5
2023-10-20,10:28:27,11:28:27,5,6,12,3
2024-07-23,18:48:28,19:48:28,2,19,11,5
2023-11-01,12:54:18,13:54:18,3,4,10,5
2021-10-10,12:00:50,13:00:50,5,6,1,4
2022-02-14,16:05:16,17:05:16,2,2,19,3
2023-02-20,19:57:30,20:57:30,1,10,13,2
2023-08-11,11:31:03,12:31:03,4,10,8,4
2024-09-23,14:32:00,15:32:00,5,9,8,2
2021-06-29,10:05:33,11:05:33,7,17,12,1
2021-01-11,13:32:43,14:32:43,5,4,17,4
2023-03-12,13:34:24,14:34:24,7,15,8,3
2023-03-30,20:17:56,21:17:56,5,18,5,2
2022-08-04,13:25:03,14:25:03,7,20,2,3
2021-08-18,17:05:38,18:05:38,4,11,16,3
2021-03-26,17:34:01,18:34:01,1,7,19,2
2022-03-13,13:14:09,14:14:09,1,4,1,2
2024-01-09,08:58:58,09:58:58,6,17,3,2
2022-08-15,16:49:58,17:49:58,7,1,3,5
2023-07-03,11:42:32,12:42:32,4,19,16,2
2021-11-26,19:51:06,20:51:06,6,15,4,5
2021-01-21,09:43:54,10:43:54,3,2,15,3
2022-04-28,12:40:47,13:40:47,4,3,8,3
2022-11-21,18:36:34,19:36:34,4,12,17,1
2022-11-14,13:15:21,14:15:21,2,11,11,2
2022-07-03,13:40:36,14:40:36,3,7,6,5
2021-02-14,17:07:39,18:07:39,2,19,9,1
2022-08-25,14:47:25,15:47:25,1,6,2,3
2022-02-05,18:49:30,19:49:30,3,17,3,1
2023-01-20,14:18:07,15:18:07,7,19,9,4
2023-07-15,15:02:40,16:02:40,3,8,14,1
2023-07-14,09:08:40,10:08:40,5,3,10,3
2024-08-15,19:59:02,20:59:02,6,18,5,3
2022-02-12,11:04:11,12:04:11,3,15,16,1
2022-03-07,08:29:13,09:29:13,4,11,5,3
2024-06-25,14:43:20,15:43:20,6,20,17,2
2024-08-24,11:16:19,12:16:19,3,20,20,1
2023-12-27,13:20:53,14:20:53,6,9,12,5
2023-09-06,17:41:21,18:41:21,3,3,10,4
2023-02-22,15:28:57,16:28:57,5,9,1,2
2023-12-28,09:28:08,10:28:08,7,18,14,1
2022-09-12,19:40:22,20:40:22,1,11,20,5
2022-03-12,19:22:15,20:22:15,7,15,1,5
2023-07-22,08:42:35,09:42:35,3,13,5,1
2021-10-23,13:16:56,14:16:56,7,2,17,2
2022-08-29,17:55:30,18:55:30,2,6,20,1
2021-12-18,12:04:06,13:04:06,4,20,10,2
2021-11-13,08:47:27,09:47:27,5,12,3,4
2024-01-17,19:34:35,20:34:35,2,1,5,2
2024-09-01,14:05:37,15:05:37,7,12,10,1
2023-02-20,18:42:58,19:42:58,2,17,18,1
2021-01-23,10:34:48,11:34:48,6,9,10,2
2023-06-14,18:43:18,19:43:18,1,18,17,3
2023-03-11,15:41:10,16:41:10,7,17,9,1
2022-07-18,18:38:18,19:38:18,7,16,19,2
2021-10-31,08:33:16,09:33:16,5,9,18,2
2024-04-16,09:12:06,10:12:06,4,4,18,2
2020-12-01,13:16:55,14:16:55,1,1,18,4
2021-07-03,20:01:04,21:01:04,2,8,19,4
2023-11-07,12:37:20,13:37:20,3,9,19,4
2023-05-02,18:07:20,19:07:20,2,10,5,3
2024-10-28,15:47:54,16:47:54,6,16,12,1
2024-07-27,19:46:33,20:46:33,7,7,10,1
2022-08-25,11:35:18,12:35:18,5,1,12,5
2023-12-30,11:57:39,12:57:39,7,7,19,5
2023-12-22,09:43:50,10:43:50,3,15,16,4
2023-01-14,11:45:00,12:45:00,1,7,7,5
2023-12-10,13:04:43,14:04:43,3,15,18,2
2024-07-07,15:33:20,16:33:20,4,8,3,3
2023-05-31,13:49:13,14:49:13,6,1,14,1
2022-01-31,12:24:36,13:24:36,3,13,19,4
2023-01-27,12:34:16,13:34:16,1,14,15,4
2021-03-04,10:01:16,11:01:16,4,9,7,5
2021-02-22,08:45:54,09:45:54,2,10,11,1
2023-09-10,18:30:17,19:30:17,3,17,17,4
2024-05-12,15:05:31,16:05:31,6,5,16,1
2024-06-23,16:47:06,17:47:06,2,20,2,5
2023-06-13,13:53:52,14:53:52,6,2,16,1
2023-09-24,08:49:39,09:49:39,5,12,4,4
2022-02-26,10:48:57,11:48:57,2,10,7,5
2021-01-20,15:17:31,16:17:31,5,3,3,5
2024-03-24,10:21:44,11:21:44,4,4,2,2
2022-12-21,09:47:59,10:47:59,1,18,11,2
2021-11-05,09:44:18,10:44:18,4,2,7,1
2024-07-05,14:42:27,15:42:27,2,7,3,1
2022-07-11,18:01:16,19:01:16,5,17,1,5
2022-01-18,08:25:05,09:25:05,6,4,18,1
2024-06-12,16:23:56,17:23:56,2,13,19,4
2022-05-28,16:10:53,17:10:53,2,8,18,1
2022-11-27,13:32:55,14:32:55,2,10,15,5
2024-05-05,18:41:36,19:41:36,7,2,17,2
2021-10-18,18:58:37,19:58:37,5,17,8,1
2022-03-15,20:01:45,21:01:45,5,14,17,3
2021-04-26,09:04:52,10:04:52,1,2,11,2
2024-07-07,14:32:22,15:32:22,3,10,3,3
2024-09-25,19:39:16,20:39:16,1,19,12,2
2022-07-18,14:43:47,15:43:47,5,17,11,4
2023-02-28,10:56:07,11:56:07,6,11,10,2
2022-08-10,16:32:42,17:32:42,6,2,15,4
2024-10-11,13:23:27,14:23:27,7,2,1,5
2022-03-21,16:01:15,17:01:15,5,6,18,4
2021-07-16,11:46:17,12:46:17,4,1,16,5
2023-03-02,13:53:36,14:53:36,3,13,20,4
2023-07-04,14:46:26,15:46:26,4,2,18,2
2021-09-07,16:38:24,17:38:24,2,11,16,4
2023-03-26,13:55:42,14:55:42,2,16,12,3
2024-11-06,13:51:57,14:51:57,7,20,13,1
2023-08-06,11:34:03,12:34:03,4,3,17,5
2024-03-05,09:10:04,10:10:04,5,9,5,4
2023-10-10,13:11:58,14:11:58,2,5,10,5
2022-01-03,09:57:59,10:57:59,6,7,13,1
2023-10-11,11:58:17,12:58:17,3,7,14,2
2020-12-17,13:47:18,14:47:18,1,3,7,2
2021-12-21,15:22:59,16:22:59,5,4,18,5
2024-02-06,20:32:28,21:32:28,2,19,15,4
2022-08-28,10:47:32,11:47:32,5,2,19,5
2021-08-17,19:33:00,20:33:00,7,10,8,3
2022-09-22,17:33:20,18:33:20,4,19,6,2
2024-05-11,18:54:02,19:54:02,3,15,11,1
2024-06-14,12:07:21,13:07:21,1,19,8,2
2022-10-22,19:57:07,20:57:07,2,7,10,5
2020-11-26,14:33:47,15:33:47,2,1,14,1
2021-11-03,15:36:04,16:36:04,4,10,13,1
2021-11-10,19:57:02,20:57:02,4,19,7,5
2023-04-04,10:41:26,11:41:26,1,12,19,4
2023-12-17,10:43:27,11:43:27,3,14,13,3
2021-12-21,10:25:36,11:25:36,2,2,4,5
2022-12-18,12:41:19,13:41:19,6,7,13,5
2022-09-01,09:43:15,10:43:15,7,11,4,2
2021-08-23,12:25:24,13:25:24,6,14,19,4
2022-02-16,17:37:10,18:37:10,2,9,13,2
2021-02-23,09:12:44,10:12:44,2,18,16,5
2021-03-05,13:24:23,14:24:23,7,4,18,4
2024-05-01,11:06:13,12:06:13,1,6,7,5
2023-11-09,10:59:46,11:59:46,3,17,11,4
2021-04-10,10:20:47,11:20:47,3,16,13,5
2024-03-21,18:47:24,19:47:24,5,14,9,4
2022-04-19,15:23:10,16:23:10,4,18,5,5
2021-01-24,18:42:46,19:42:46,2,18,9,4
2021-10-19,16:30:48,17:30:48,6,11,18,2
2021-01-24,14:36:13,15:36:13,4,16,20,5
2024-09-07,13:19:06,14:19:06,7,5,10,3
2024-10-30,08:18:48,09:18:48,1,7,19,1
2024-03-31,17:18:19,18:18:19,7,19,2,2
2022-12-23,11:09:34,12:09:34,1,8,18,4
2021-02-17,10:10:00,11:10:00,6,17,1,2
2022-12-19,16:45:53,17:45:53,1,8,13,3
2024-06-15,08:41:45,09:41:45,2,20,18,4
2021-06-03,11:46:47,12:46:47,5,15,17,5
2021-01-10,17:35:05,18:35:05,1,17,6,3
2022-03-24,09:58:04,10:58:04,2,14,14,5
2024-06-11,11:27:13,12:27:13,4,15,14,4
2022-06-29,08:33:11,09:33:11,3,11,6,2
2022-01-10,11:15:47,12:15:47,4,8,17,5
2021-11-17,12:15:03,13:15:03,1,14,1,2
2021-07-09,20:15:10,21:15:10,1,1,9,3
2022-12-23,20:29:12,21:29:12,4,20,13,3
2024-09-25,14:38:08,15:38:08,5,18,12,3
2023-07-09,11:12:44,12:12:44,3,12,2,4
2022-07-08,17:22:28,18:22:28,6,16,19,5
2024-03-10,14:36:26,15:36:26,4,10,19,2
2021-09-21,17:40:14,18:40:14,2,9,14,4
2022-01-19,11:32:47,12:32:47,1,6,4,4
2024-06-06,17:38:14,18:38:14,1,7,5,4
2021-12-06,12:30:37,13:30:37,1,15,15,5
2023-06-08,08:26:47,09:26:47,5,4,7,5
2024-10-05,12:20:31,13:20:31,2,11,8,3
2021-05-16,08:30:26,09:30:26,2,10,4,2
2021-02-13,15:30:40,16:30:40,3,11,8,3
2023-09-30,12:58:07,13:58:07,2,3,9,3
2023-08-05,09:34:06,10:34:06,2,19,3,1
2024-01-08,14:39:48,15:39:48,2,2,6,2
2021-04-05,09:30:11,10:30:11,4,14,13,3
2024-02-11,14:39:13,15:39:13,2,6,6,3
2024-08-28,19:04:05,20:04:05,7,11,7,5
2022-11-06,19:38:24,20:38:24,4,15,5,3
2024-05-28,16:12:16,17:12:16,4,2,7,1
2021-02-08,09:00:21,10:00:21,3,7,18,3
2024-11-12,12:06:04,13:06:04,7,9,3,5
2023-07-01,11:43:54,12:43:54,3,6,1,2
2024-08-14,10:39:44,11:39:44,3,19,2,4
2021-10-16,09:32:50,10:32:50,6,19,2,3
2021-09-02,13:02:34,14:02:34,7,3,11,2
2023-05-10,16:51:56,17:51:56,1,15,8,2
2023-04-14,15:43:04,16:43:04,2,9,3,2
2023-08-27,14:52:28,15:52:28,4,17,10,4
2023-10-12,08:12:47,09:12:47,5,14,2,5
2021-03-10,13:14:25,14:14:25,2,11,10,2
2024-08-19,16:47:51,17:47:51,2,10,8,4
2024-06-02,14:21:56,15:21:56,5,2,4,4
2021-09-12,17:06:58,18:06:58,7,2,15,1
2021-09-12,16:53:53,17:53:53,3,17,16,4
2024-05-11,16:14:03,17:14:03,4,16,1,4
2021-08-16,12:28:20,13:28:20,3,11,11,3
2021-11-23,13:02:26,14:02:26,5,14,10,3
2022-08-19,09:02:19,10:02:19,2,7,3,1
2023-02-25,16:17:38,17:17:38,7,8,2,5
2021-12-10,15:20:47,16:20:47,2,9,10,1
2024-04-13,16:52:59,17:52:59,7,6,3,2
2023-05-02,18:30:41,19:30:41,3,18,17,1
2024-10-10,08:03:39,09:03:39,2,2,15,2
2022-09-28,12:59:50,13:59:50,6,20,17,2
2024-09-03,08:27:37,09:27:37,3,14,17,2
2024-07-18,20:56:32,21:56:32,3,13,2,4
2021-06-24,11:21:30,12:21:30,7,16,18,1
2022-04-10,15:08:22,16:08:22,4,1,18,3
2024-01-17,20:31:02,21:31:02,5,2,2,1
2022-04-22,09:47:36,10:47:36,7,12,9,1
2023-05-29,17:20:54,18:20:54,3,20,3,3
2022-01-27,15:00:23,16:00:23,1,11,9,3
2021-04-27,20:11:55,21:11:55,7,14,12,1
2024-04-26,15:21:41,16:21:41,1,2,12,2
2023-07-13,17:15:19,18:15:19,1,13,8,1
2023-10-02,14:50:45,15:50:45,2,15,11,1
2021-05-22,08:45:13,09:45:13,1,14,7,4
2023-08-15,14:54:24,15:54:24,5,7,9,3
2023-02-22,17:23:07,18:23:07,3,15,10,5
2023-10-13,11:51:30,12:51:30,2,15,5,2
2023-05-16,16:03:43,17:03:43,6,2,18,3
2024-07-17,16:39:02,17:39:02,3,3,10,2
2024-09-28,20:49:35,21:49:35,1,17,7,4
2023-11-23,16:23:16,17:23:16,1,9,10,3
2022-11-18,09:44:16,10:44:16,4,18,18,3
2022-12-02,11:03:03,12:03:03,5,5,9,2
2022-04-14,15:34:08,16:34:08,1,15,6,1
2022-04-17,17:56:34,18:56:34,5,19,15,2
2023-10-06,19:12:43,20:12:43,4,8,15,1
2022-09-01,15:26:46,16:26:46,3,8,9,5
2023-11-09,12:12:15,13:12:15,1,10,15,3
2022-12-19,18:29:37,19:29:37,6,3,17,3
2024-10-22,17:50:59,18:50:59,7,16,7,2
2021-10-04,13:18:48,14:18:48,6,16,1,3
2024-09-18,11:57:27,12:57:27,3,3,1,1
2022-07-25,10:48:48,11:48:48,6,20,9,2
2021-10-08,19:29:28,20:29:28,5,8,1,3
2021-10-09,09:18:12,10:18:12,6,10,8,1
2023-08-24,09:42:45,10:42:45,3,1,2,2
2021-06-10,15:00:50,16:00:50,1,8,12,1
2023-05-24,11:13:59,12:13:59,4,3,4,2
2020-12-14,13:44:36,14:44:36,1,10,9,3
2021-08-29,12:53:43,13:53:43,7,16,20,4
2023-01-31,20:20:56,21:20:56,1,19,2,1
2022-12-16,15:59:27,16:59:27,7,9,2,1
2023-12-19,12:02:30,13:02:30,7,7,1,4
2023-07-28,20:22:03,21:22:03,2,9,14,5
2024-06-10,19:50:46,20:50:46,1,20,20,2
2024-09-20,08:49:05,09:49:05,1,19,12,2
2023-06-03,19:33:17,20:33:17,5,5,9,5
2021-07-08,17:50:22,18:50:22,3,7,17,5
2022-04-14,09:18:46,10:18:46,7,4,3,1
2023-01-25,18:19:44,19:19:44,4,5,18,5
2022-07-05,13:16:14,14:16:14,4,17,5,4
2021-12-30,11:55:20,12:55:20,2,13,13,3
2024-08-14,16:05:27,17:05:27,5,5,8,5
2020-12-25,11:56:36,12:56:36,5,18,4,2
2021-08-20,12:13:26,13:13:26,6,14,10,2
2022-01-03,11:53:33,12:53:33,1,13,20,1
2022-01-31,08:49:59,09:49:59,3,9,18,5
2023-06-15,20:53:03,21:53:03,2,10,11,2
2022-02-20,16:28:19,17:28:19,7,12,18,5
2021-05-10,08:33:15,09:33:15,6,10,11,3
2024-06-08,15:55:32,16:55:32,3,15,1,1
2023-05-10,18:12:28,19:12:28,6,11,7,1
2022-07-08,13:51:09,14:51:09,6,5,2,1
2024-04-12,13:47:47,14:47:47,1,8,4,1
2024-08-16,15:34:53,16:34:53,1,10,11,2
2021-02-13,17:18:37,18:18:37,6,2,20,5
2022-03-02,16:46:58,17:46:58,5,19,4,3
2021-03-28,11:51:26,12:51:26,5,19,18,3
2022-06-07,20:34:13,21:34:13,1,12,11,3
2022-05-10,10:53:48,11:53:48,4,10,6,5
2020-12-05,20:06:37,21:06:37,6,8,12,1
2023-03-10,11:10:51,12:10:51,4,7,2,4
2021-01-31,11:07:36,12:07:36,3,8,15,3
2022-09-12,10:03:56,11:03:56,1,14,2,4
2024-08-14,12:42:12,13:42:12,7,3,20,3
2022-08-07,16:35:35,17:35:35,1,9,1,3
2022-12-17,11:35:32,12:35:32,1,10,20,3
2022-03-01,13:06:09,14:06:09,6,1,13,5
2023-02-13,14:35:56,15:35:56,4,18,7,4
2021-03-09,10:03:34,11:03:34,6,13,9,2
2022-02-22,12:55:51,13:55:51,6,20,19,3
2024-01-07,08:32:11,09:32:11,3,15,2,3
2024-07-06,10:27:50,11:27:50,3,17,12,4
2021-02-24,10:53:14,11:53:14,4,5,12,4
2022-02-23,14:59:56,15:59:56,2,4,8,3
2023-07-25,09:37:54,10:37:54,3,17,15,2
2024-08-28,19:45:15,20:45:15,4,20,16,1
2023-01-31,17:35:06,18:35:06,6,16,20,5
2021-01-18,09:29:01,10:29:01,6,16,12,3
2024-02-15,13:00:04,14:00:04,6,20,18,5
2021-02-01,11:43:01,12:43:01,4,20,6,5
2021-05-25,19:13:18,20:13:18,2,11,19,2
2024-06-02,18:49:17,19:49:17,6,20,9,5
2021-03-18,08:21:33,09:21:33,4,18,1,4
2023-11-03,10:57:37,11:57:37,5,11,1,5
2024-05-06,12:19:08,13:19:08,3,12,16,1
2023-07-12,09:26:03,10:26:03,1,1,18,2
2023-05-30,11:51:38,12:51:38,7,16,8,1
2022-04-11,20:36:56,21:36:56,4,6,11,5
2021-04-22,12:48:12,13:48:12,4,2,1,1
2022-01-05,17:43:08,18:43:08,1,1,19,5
2023-12-14,12:25:23,13:25:23,4,6,14,5
2022-12-24,19:57:54,20:57:54,7,12,4,2
2021-11-12,08:13:13,09:13:13,4,5,14,4
2024-08-27,19:52:06,20:52:06,1,3,16,4
2021-08-22,09:08:41,10:08:41,7,2,1,5
2024-01-22,14:17:42,15:17:42,3,1,19,4
2022-09-16,08:43:45,09:43:45,3,1,13,3
2024-08-16,12:20:54,13:20:54,5,11,1,4
2024-01-07,20:34:20,21:34:20,4,16,3,5
2021-04-24,09:49:17,10:49:17,3,5,14,4
2024-10-04,18:38:29,19:38:29,4,6,19,5
2022-02-23,19:35:33,20:35:33,4,15,19,5
2022-11-24,15:06:43,16:06:43,4,7,12,3
2024-03-29,08:21:43,09:21:43,7,20,19,2
2021-03-21,12:00:49,13:00:49,7,1,8,5
2021-10-23,14:00:50,15:00:50,7,10,1,5
2022-08-28,16:28:48,17:28:48,1,7,7,1
2022-07-06,19:44:52,20:44:52,6,20,13,2
2023-10-31,19:52:54,20:52:54,2,1,16,1
2023-12-19,11:49:42,12:49:42,5,11,17,1
2021-02-12,09:26:37,10:26:37,3,11,16,3
2023-11-29,18:13:51,19:13:51,1,7,15,5
2024-03-30,11:17:46,12:17:46,7,1,18,4
2021-02-18,15:52:21,16:52:21,5,2,5,3
2022-01-05,15:44:25,16:44:25,3,4,11,4
2023-07-18,13:39:01,14:39:01,3,4,11,5
2024-01-17,18:27:06,19:27:06,1,20,4,5
2024-07-28,12:51:47,13:51:47,4,17,9,1
2023-03-12,18:25:59,19:25:59,3,14,15,3
2021-05-08,20:35:59,21:35:59,2,16,2,5
2023-05-18,15:17:39,16:17:39,7,14,5,3
2021-01-09,16:13:15,17:13:15,6,18,19,4
2024-09-16,20:58:49,21:58:49,4,19,2,2
2022-09-19,12:25:37,13:25:37,5,2,8,3
2022-09-18,12:57:22,13:57:22,4,4,3,1
2023-11-18,14:10:54,15:10:54,4,10,1,1
2020-12-02,12:09:09,13:09:09,4,5,4,5
2022-12-03,13:07:16,14:07:16,3,18,12,1
2024-09-13,20:11:34,21:11:34,1,14,10,5
2024-06-11,16:10:14,17:10:14,1,6,11,1
2022-05-11,19:59:28,20:59:28,7,16,11,1
2022-02-13,10:52:28,11:52:28,2,13,2,5
2023-05-18,19:02:26,20:02:26,2,14,12,3
2023-04-24,16:34:01,17:34:01,2,2,20,4
2023-10-30,16:55:01,17:55:01,3,3,7,2
2023-04-11,15:55:54,16:55:54,6,13,3,4
2021-10-09,08:56:58,09:56:58,1,2,8,4
2023-02-07,14:05:10,15:05:10,6,9,13,5
2023-04-14,17:37:56,18:37:56,5,19,12,1
2023-08-16,14:55:13,15:55:13,5,6,15,4
2021-04-19,13:21:36,14:21:36,2,4,15,2
2024-09-14,12:49:49,13:49:49,1,19,7,3
2021-09-27,19:21:18,20:21:18,4,13,1,1
2024-11-13,09:42:52,10:42:52,3,11,1,2
2021-03-24,16:39:15,17:39:15,3,6,15,5
2020-12-28,09:02:29,10:02:29,3,8,14,5
2021-03-01,19:09:16,20:09:16,1,6,10,4
2024-08-16,10:01:37,11:01:37,3,16,11,5
2021-03-31,17:58:29,18:58:29,2,6,11,3
2020-12-03,20:53:41,21:53:41,1,10,12,4
2021-11-23,10:49:48,11:49:48,4,8,4,4
2022-02-28,19:08:22,20:08:22,2,2,1,3
2022-05-05,09:29:40,10:29:40,5,14,11,1
2021-03-22,13:36:57,14:36:57,5,5,17,4
2021-07-07,18:40:39,19:40:39,6,7,9,3
2024-08-27,12:41:13,13:41:13,6,6,14,5
2021-05-05,11:24:39,12:24:39,3,1,16,2
2021-05-20,08:57:53,09:57:53,3,6,11,2
2024-09-06,16:43:13,17:43:13,5,3,16,1
2022-06-25,11:34:31,12:34:31,6,14,17,4
2022-06-18,08:52:59,09:52:59,6,12,11,2
2024-08-18,15:05:49,16:05:49,5,10,19,4
2021-01-30,11:37:53,12:37:53,7,2,16,4
2024-01-17,17:21:28,18:21:28,5,2,4,2
2022-01-12,11:35:29,12:35:29,4,2,11,5
2024-06-18,17:53:41,18:53:41,2,17,8,5
2023-02-09,14:42:57,15:42:57,1,3,20,4
2024-05-28,14:21:56,15:21:56,2,3,2,1
2022-08-18,09:53:36,10:53:36,6,19,5,5
2023-10-14,18:48:44,19:48:44,2,7,16,1
2024-05-13,08:31:39,09:31:39,6,5,10,3
2021-07-05,09:29:43,10:29:43,1,3,16,1
2023-10-12,10:14:18,11:14:18,7,19,11,4
2024-05-20,11:35:49,12:35:49,2,15,4,5
2022-07-04,17:05:42,18:05:42,6,4,14,5
2021-05-07,17:50:10,18:50:10,3,15,5,2
2022-11-27,09:51:44,10:51:44,1,14,7,5
2022-01-19,18:25:02,19:25:02,6,4,3,2
2023-04-05,14:56:31,15:56:31,4,15,10,4
2022-08-22,19:38:04,20:38:04,2,2,1,1
2021-09-22,10:04:04,11:04:04,7,4,14,4
2022-02-13,09:18:44,10:18:44,1,10,12,5
2021-05-01,17:16:21,18:16:21,6,19,15,5
2022-12-02,10:19:06,11:19:06,1,14,7,3
2023-08-11,12:08:54,13:08:54,4,6,16,2
2021-08-09,16:36:13,17:36:13,5,8,11,4
2022-07-24,08:59:34,09:59:34,1,4,10,1
2023-03-19,10:45:25,11:45:25,7,12,12,5
2024-05-29,17:40:32,18:40:32,2,4,9,5
2023-05-28,09:07:18,10:07:18,3,15,13,1
2020-11-19,14:23:06,15:23:06,1,20,10,3
2023-07-17,12:45:20,13:45:20,5,15,19,2
2022-06-02,17:33:40,18:33:40,6,15,20,1
2022-08-27,09:16:36,10:16:36,7,5,2,5
2021-09-24,09:24:08,10:24:08,3,3,11,3
2024-01-05,20:18:47,21:18:47,2,1,4,3
2022-08-19,20:37:24,21:37:24,1,4,5,4
2021-11-28,18:45:49,19:45:49,4,8,19,5
2024-06-09,09:41:18,10:41:18,6,8,19,4
2024-03-14,11:05:04,12:05:04,7,9,14,4
2023-04-16,18:44:42,19:44:42,1,16,16,4
2023-02-26,09:36:41,10:36:41,4,2,8,2
2024-02-25,13:12:32,14:12:32,7,4,2,2
2021-02-04,16:19:55,17:19:55,1,12,15,4
2024-03-07,15:42:42,16:42:42,1,15,4,5
2020-12-05,20:36:42,21:36:42,7,1,15,2
2022-11-20,08:05:41,09:05:41,2,18,15,1
2021-12-18,20:06:37,21:06:37,4,13,13,2
2023-06-13,17:09:04,18:09:04,4,5,6,4
2023-05-20,09:24:30,10:24:30,7,12,11,5
2022-11-22,18:08:20,19:08:20,3,20,6,5
2021-08-12,17:57:00,18:57:00,1,11,20,5
2023-04-27,08:52:37,09:52:37,1,16,18,1
2024-09-24,12:18:11,13:18:11,3,3,11,2
2024-01-21,16:24:22,17:24:22,4,5,19,2
2022-12-06,08:32:21,09:32:21,7,9,1,3
2022-01-30,20:12:53,21:12:53,2,5,4,2
2024-03-28,11:31:35,12:31:35,7,8,1,3
2021-05-08,14:12:24,15:12:24,2,11,1,4
2021-06-19,15:48:17,16:48:17,2,19,5,4
2020-12-13,18:51:05,19:51:05,6,12,4,1
2021-03-21,15:11:41,16:11:41,3,15,1,4
2024-06-01,17:42:23,18:42:23,2,20,3,2
2024-06-05,09:44:35,10:44:35,7,19,5,2
2024-01-15,17:45:01,18:45:01,7,6,12,2
2022-03-20,19:34:20,20:34:20,5,12,7,5
2024-01-09,19:42:59,20:42:59,7,10,6,2
2023-04-29,14:01:31,15:01:31,7,14,1,5
2023-08-26,16:36:36,17:36:36,2,3,13,1
2021-09-20,19:05:48,20:05:48,4,12,17,3
2024-09-03,17:37:26,18:37:26,4,15,5,3
2023-02-20,11:30:33,12:30:33,3,19,8,2
2023-01-18,18:56:45,19:56:45,5,20,11,5
2023-12-14,16:32:03,17:32:03,7,15,5,2
2021-05-01,13:01:35,14:01:35,4,18,2,4
2024-09-22,19:00:41,20:00:41,5,7,13,4
2024-10-14,09:27:15,10:27:15,4,4,10,2
2021-01-04,19:45:06,20:45:06,1,11,13,3
2021-01-28,10:40:05,11:40:05,6,4,8,2
2021-03-05,12:12:30,13:12:30,4,3,16,4
2022-01-02,13:52:07,14:52:07,2,7,3,5
2023-03-21,10:49:51,11:49:51,7,2,16,5
2021-05-16,09:01:04,10:01:04,4,18,1,2
2022-12-28,17:11:29,18:11:29,6,14,16,5
2021-01-24,12:32:37,13:32:37,1,3,20,1
2022-11-06,16:38:21,17:38:21,7,3,3,4
2024-08-18,16:56:04,17:56:04,6,9,7,5
2023-06-06,14:23:35,15:23:35,3,9,15,1
2022-11-16,11:46:34,12:46:34,2,18,8,2
2021-01-06,15:21:51,16:21:51,6,18,4,5
2022-10-21,14:14:00,15:14:00,1,10,3,2
2022-07-15,09:42:44,10:42:44,4,12,20,1
2023-04-09,09:44:23,10:44:23,1,11,10,3
2024-06-02,08:01:59,09:01:59,7,17,12,5
2022-01-25,13:36:16,14:36:16,6,10,8,4
2021-07-30,18:01:22,19:01:22,2,6,10,5
2022-03-21,18:03:32,19:03:32,7,2,20,1
2024-05-14,13:16:37,14:16:37,4,20,7,2
2020-12-12,18:05:25,19:05:25,5,5,6,1
2022-05-19,14:30:53,15:30:53,6,16,14,2
2020-12-23,13:35:13,14:35:13,6,20,7,1
2022-08-26,19:21:31,20:21:31,3,6,11,3
2021-01-11,15:35:08,16:35:08,3,7,3,4
2021-01-31,10:35:38,11:35:38,2,1,10,1
2021-11-05,13:45:07,14:45:07,6,13,7,2
2022-10-25,19:54:50,20:54:50,1,9,9,2
2021-01-29,10:53:09,11:53:09,5,19,17,5
2023-10-18,11:32:29,12:32:29,1,17,16,1
2021-01-05,18:56:42,19:56:42,2,10,20,2
2022-04-03,15:32:24,16:32:24,1,11,16,5
2024-04-28,16:23:33,17:23:33,6,17,13,5
2020-12-29,15:23:19,16:23:19,6,3,19,3
2023-09-30,12:01:19,13:01:19,4,5,17,3
2022-09-02,09:29:04,10:29:04,6,6,9,2
2023-12-05,17:15:29,18:15:29,3,11,13,1
2023-11-17,10:45:34,11:45:34,4,15,18,2
2022-11-05,13:26:32,14:26:32,3,4,4,5
2023-09-15,11:20:02,12:20:02,5,1,13,1
2020-12-07,17:19:07,18:19:07,1,7,2,1
2023-02-26,16:31:36,17:31:36,5,2,20,1
2021-01-24,10:35:48,11:35:48,4,1,4,4
2024-07-12,16:26:47,17:26:47,4,12,4,2
2022-01-26,10:30:14,11:30:14,4,8,6,4
2023-10-27,17:03:30,18:03:30,3,15,12,3
2023-04-28,19:55:03,20:55:03,2,1,5,5
2022-07-09,10:23:06,11:23:06,2,15,20,4
2022-12-30,17:04:47,18:04:47,6,8,10,1
2021-03-06,13:41:03,14:41:03,3,5,9,4
2024-06-18,17:04:00,18:04:00,3,3,10,1
2024-05-08,14:11:41,15:11:41,4,11,2,2
2022-10-03,09:42:10,10:42:10,3,20,1,5
2024-08-07,11:32:29,12:32:29,4,18,10,5
2024-02-17,14:40:22,15:40:22,3,4,16,3
2022-05-03,16:51:33,17:51:33,1,19,3,5
2023-06-23,19:00:17,20:00:17,2,3,15,2
2024-10-21,11:59:57,12:59:57,3,8,7,1
2022-09-26,14:00:27,15:00:27,3,1,16,1
2023-09-24,16:29:18,17:29:18,4,8,6,3
2021-12-08,19:31:23,20:31:23,1,19,15,2
2024-11-16,13:04:59,14:04:59,4,8,15,1
2023-03-19,16:50:32,17:50:32,7,14,11,3
2023-06-06,19:54:33,20:54:33,4,8,8,4
2022-05-16,09:31:26,10:31:26,3,13,6,2
2023-06-04,08:04:58,09:04:58,3,5,10,1
2023-04-12,15:34:40,16:34:40,4,12,1,5
2022-01-02,13:24:55,14:24:55,2,13,20,2
2021-05-15,18:15:22,19:15:22,2,11,16,1
2021-10-02,16:39:44,17:39:44,4,12,17,1
2021-12-19,15:23:53,16:23:53,1,16,18,4
2023-07-27,18:56:24,19:56:24,4,1,17,4
2023-03-15,10:53:40,11:53:40,6,9,19,3
2022-11-13,20:11:42,21:11:42,4,19,6,5
2024-06-10,13:51:23,14:51:23,4,15,20,1
2021-09-24,14:18:40,15:18:40,5,19,18,3
2021-05-08,20:08:56,21:08:56,4,2,13,5
2023-10-13,08:00:06,09:00:06,1,3,8,5
2023-10-11,08:46:03,09:46:03,6,13,1,1
2023-01-31,16:08:37,17:08:37,6,8,9,4
2024-04-28,11:16:47,12:16:47,4,13,6,3
2024-07-01,16:53:23,17:53:23,4,16,12,2
2021-08-17,19:51:47,20:51:47,7,7,11,2
2021-06-07,16:08:20,17:08:20,7,18,20,2
2022-11-04,16:09:14,17:09:14,3,16,11,1
2021-11-26,08:31:22,09:31:22,7,7,12,5
2023-04-14,13:58:44,14:58:44,5,11,16,4
2021-06-26,08:41:43,09:41:43,6,18,16,5
2021-09-06,14:18:37,15:18:37,2,17,9,3
2021-11-12,15:02:36,16:02:36,2,20,9,4
2021-01-10,11:25:11,12:25:11,4,1,16,1
2020-12-01,13:49:30,14:49:30,1,12,7,1
2022-06-11,16:22:54,17:22:54,3,18,12,3
2021-10-03,08:55:01,09:55:01,3,11,19,4
2021-05-05,14:35:54,15:35:54,3,14,6,5
2021-04-19,13:39:17,14:39:17,2,14,1,1
2022-01-17,17:21:48,18:21:48,1,16,6,4
2022-07-19,18:37:12,19:37:12,2,8,2,1
2024-09-04,19:52:51,20:52:51,2,12,4,2
2022-04-16,15:03:34,16:03:34,4,19,8,5
2022-10-21,11:51:25,12:51:25,3,5,12,2
2023-08-30,11:14:37,12:14:37,3,3,16,5
2021-07-26,19:23:24,20:23:24,7,15,20,3
2022-02-18,09:52:43,10:52:43,4,3,7,1
2024-03-13,09:55:49,10:55:49,3,9,5,5
2023-03-28,14:05:53,15:05:53,7,20,18,5
2024-05-10,10:39:06,11:39:06,3,15,9,1
2024-04-24,14:19:20,15:19:20,6,9,10,2
2022-02-19,13:00:59,14:00:59,3,14,5,2
2023-07-18,08:59:05,09:59:05,7,8,18,2
2023-02-02,15:33:18,16:33:18,7,4,13,1
2023-04-04,11:07:22,12:07:22,4,13,19,5
2021-02-26,12:07:06,13:07:06,3,10,10,4
2022-06-30,08:32:26,09:32:26,3,13,17,3
2023-07-05,12:19:06,13:19:06,4,10,8,5
2023-08-02,10:40:09,11:40:09,4,19,7,4
2023-05-06,10:00:34,11:00:34,3,12,14,1
2021-04-07,16:28:15,17:28:15,3,2,11,5
2023-04-01,13:38:27,14:38:27,3,14,11,2
2021-10-14,10:23:47,11:23:47,1,12,7,4
2021-08-23,19:50:19,20:50:19,5,17,16,5
2020-11-22,11:47:06,12:47:06,6,20,9,5
2022-03-23,10:03:20,11:03:20,1,9,10,2
2022-12-04,14:19:48,15:19:48,7,2,12,1
2021-12-04,18:38:38,19:38:38,6,8,19,2
2022-11-21,16:44:32,17:44:32,7,14,1,4
2022-05-04,16:37:47,17:37:47,2,10,13,5
2022-12-05,14:23:46,15:23:46,4,2,15,1
2021-02-03,08:59:49,09:59:49,2,19,11,5
2024-10-07,09:21:26,10:21:26,4,15,3,5
2021-01-21,20:49:49,21:49:49,4,17,7,5
2021-11-01,08:52:25,09:52:25,4,4,3,3
2021-01-22,10:31:05,11:31:05,4,8,8,4
2021-12-30,10:00:41,11:00:41,7,3,7,4
2023-05-28,13:15:23,14:15:23,7,12,13,3
2023-06-30,11:02:30,12:02:30,2,1,17,1
2021-07-21,09:59:32,10:59:32,6,11,14,4
2020-12-29,18:09:30,19:09:30,7,13,19,1
2024-11-09,18:15:44,19:15:44,1,7,11,2
2023-03-22,14:22:16,15:22:16,3,10,17,2
2022-06-01,20:35:26,21:35:26,6,6,16,4
2022-10-17,14:34:02,15:34:02,5,6,5,4
2021-06-30,13:10:21,14:10:21,1,5,8,1
2024-01-05,16:48:02,17:48:02,3,6,9,1
2024-05-04,17:04:23,18:04:23,6,18,19,3
2022-02-04,18:21:26,19:21:26,4,1,12,2
2022-04-02,15:48:09,16:48:09,3,5,16,5
2022-09-11,14:52:11,15:52:11,2,7,13,1
2020-12-04,18:29:05,19:29:05,6,16,12,2
2022-10-23,13:22:59,14:22:59,1,17,7,3
2022-02-28,11:44:09,12:44:09,3,3,18,3
2022-03-03,14:40:43,15:40:43,5,10,18,5
2023-07-20,10:33:55,11:33:55,7,17,16,2
2023-12-26,13:33:42,14:33:42,4,4,18,5
2022-11-09,10:57:51,11:57:51,7,3,11,1
2022-03-01,15:42:46,16:42:46,3,6,18,5
2023-07-07,18:27:12,19:27:12,1,5,14,1
2021-01-23,15:37:35,16:37:35,3,2,11,4
2024-08-05,15:00:47,16:00:47,2,9,8,5
2020-12-24,14:22:26,15:22:26,1,2,17,3
2021-05-02,16:58:17,17:58:17,3,13,3,2
2024-10-14,08:07:44,09:07:44,7,16,8,1
2023-12-02,16:15:01,17:15:01,3,13,6,1
2023-08-16,11:28:42,12:28:42,6,18,18,2
2024-09-29,10:41:07,11:41:07,2,5,19,5
2023-09-17,13:01:57,14:01:57,4,2,12,4
2021-02-09,14:37:33,15:37:33,5,20,9,5
2024-10-02,11:10:55,12:10:55,5,5,8,1
2022-08-19,11:18:39,12:18:39,5,13,14,5
2023-08-08,08:42:38,09:42:38,2,16,15,3
2022-03-22,17:18:11,18:18:11,5,17,15,5
2021-06-09,19:18:50,20:18:50,1,20,12,4
2020-12-15,20:20:25,21:20:25,2,4,8,2
2023-07-23,20:12:00,21:12:00,6,16,1,2
2023-09-17,14:49:13,15:49:13,2,19,7,1
2024-01-02,16:06:29,17:06:29,6,5,19,4
2022-05-09,14:19:46,15:19:46,2,20,17,2
2024-10-17,15:15:25,16:15:25,3,13,17,2
2022-05-10,10:19:09,11:19:09,5,5,12,1
2022-12-02,17:02:20,18:02:20,4,10,10,5
2024-09-02,19:06:26,20:06:26,7,8,10,3
2022-05-25,08:56:42,09:56:42,6,13,19,1
2023-07-12,17:14:28,18:14:28,7,8,3,5
2021-11-25,14:42:51,15:42:51,4,13,16,4
2023-03-13,10:44:45,11:44:45,4,2,7,4
2024-07-27,15:57:53,16:57:53,4,9,14,4
2022-05-06,16:01:18,17:01:18,2,2,16,1
2024-10-03,08:42:34,09:42:34,5,2,19,1
2021-10-19,15:12:47,16:12:47,3,4,11,3
2023-02-25,16:55:38,17:55:38,2,12,4,1
2023-01-16,14:56:30,15:56:30,1,7,14,4
2024-10-11,20:27:20,21:27:20,4,13,18,2
2022-12-17,09:13:48,10:13:48,5,18,19,4
2024-09-19,18:59:04,19:59:04,1,17,18,4
2022-02-18,10:03:42,11:03:42,4,1,12,1
2022-11-17,18:09:21,19:09:21,7,17,1,3
2021-07-13,18:35:18,19:35:18,6,2,19,3
2022-03-18,09:19:11,10:19:11,5,16,2,2
2023-03-27,16:15:47,17:15:47,3,4,3,2
2021-07-16,19:07:18,20:07:18,1,3,5,2
2022-02-03,14:09:31,15:09:31,5,8,6,3
2023-02-25,16:08:28,17:08:28,6,2,13,1
2024-01-19,12:22:45,13:22:45,4,7,12,1
2023-11-01,19:24:36,20:24:36,4,18,12,2
2024-09-24,15:00:46,16:00:46,3,10,10,2
2024-06-23,15:35:39,16:35:39,3,14,8,3
2021-06-02,16:52:07,17:52:07,7,8,14,3
2021-12-27,19:03:23,20:03:23,3,10,11,2
2022-10-12,09:47:34,10:47:34,4,13,14,1
2020-12-12,15:59:16,16:59:16,2,20,6,4
2024-02-07,15:26:08,16:26:08,1,11,15,5
2021-02-26,17:44:12,18:44:12,5,2,8,2
2021-10-16,09:34:34,10:34:34,5,8,7,5
2023-04-25,15:45:36,16:45:36,4,13,13,3
2021-06-05,19:40:47,20:40:47,5,5,11,3
2024-06-28,10:22:21,11:22:21,1,20,8,1
2022-09-03,11:32:43,12:32:43,4,2,9,4
2022-09-20,09:32:10,10:32:10,2,2,14,4
2021-09-09,18:32:47,19:32:47,6,18,5,5
2023-01-06,15:55:15,16:55:15,5,13,7,1
2021-01-15,11:27:17,12:27:17,6,11,15,5
2022-05-22,11:59:14,12:59:14,2,11,9,2
2023-05-03,12:37:20,13:37:20,1,16,6,3
2022-05-27,14:02:42,15:02:42,5,11,18,2
2021-04-03,19:25:12,20:25:12,2,16,11,1
2020-12-01,16:08:05,17:08:05,7,13,5,3
2023-10-22,08:21:32,09:21:32,4,2,13,5
2021-08-10,13:28:06,14:28:06,3,6,8,4
2022-04-05,11:15:33,12:15:33,5,1,7,1
2023-01-11,09:57:38,10:57:38,1,2,9,4
2024-05-02,09:31:08,10:31:08,5,13,10,5
2022-08-23,08:25:27,09:25:27,6,10,6,4
2022-02-21,16:16:12,17:16:12,3,4,6,3
2023-04-10,09:49:31,10:49:31,5,11,13,1
2023-08-09,13:47:01,14:47:01,2,15,8,2
2024-10-20,20:44:10,21:44:10,1,17,8,5
2023-11-12,13:33:10,14:33:10,1,18,10,3
2021-07-06,12:14:33,13:14:33,6,16,2,4
2021-07-27,11:39:49,12:39:49,2,12,2,1
2021-12-11,14:31:05,15:31:05,6,13,6,5
2021-08-15,16:11:16,17:11:16,7,10,19,4
2023-01-07,17:13:55,18:13:55,5,17,14,5
2021-10-14,08:17:03,09:17:03,2,16,8,1
2023-06-28,10:28:10,11:28:10,5,13,8,2
2024-04-06,11:54:50,12:54:50,5,3,16,5
2021-06-29,11:21:04,12:21:04,6,4,8,5
2024-08-19,17:49:31,18:49:31,1,14,7,2
2021-09-25,10:03:30,11:03:30,2,8,7,4
2024-05-21,14:48:07,15:48:07,7,5,16,1
2022-02-27,18:02:20,19:02:20,6,8,9,1
2022-04-28,13:21:12,14:21:12,4,11,9,3
2022-01-31,14:29:00,15:29:00,3,17,16,4
2023-07-23,08:16:28,09:16:28,3,10,13,2
2023-01-15,13:53:47,14:53:47,6,17,13,4
2023-05-27,19:54:37,20:54:37,2,17,18,4
2024-04-17,09:17:36,10:17:36,3,5,18,1
2023-07-14,16:19:26,17:19:26,3,6,20,4
2022-11-30,18:13:21,19:13:21,1,10,10,4
2022-04-26,15:18:21,16:18:21,2,11,10,5
2024-10-04,13:42:32,14:42:32,7,7,5,3
2023-07-25,12:33:57,13:33:57,1,7,17,1
2022-11-23,16:16:03,17:16:03,7,3,18,3
2023-04-14,11:49:45,12:49:45,5,13,6,1
2022-03-04,15:46:44,16:46:44,5,9,3,3
2022-01-05,09:51:28,10:51:28,1,3,7,1
2024-01-12,13:10:54,14:10:54,3,9,3,1
2022-10-11,19:12:09,20:12:09,3,20,14,3
2022-08-21,12:25:42,13:25:42,3,19,16,2
2024-02-01,15:08:25,16:08:25,3,13,8,2
2023-03-08,20:30:22,21:30:22,4,4,15,3
2022-04-17,14:46:56,15:46:56,1,13,9,1
2022-10-21,19:03:29,20:03:29,4,3,1,3
2024-10-27,15:58:58,16:58:58,2,15,2,2
2022-12-05,11:45:55,12:45:55,3,8,14,5
2021-04-07,15:35:58,16:35:58,6,12,19,3
2021-10-09,10:12:52,11:12:52,5,19,10,5
2021-11-04,18:13:50,19:13:50,4,14,15,3
2021-08-08,15:06:37,16:06:37,2,8,6,5
2023-01-14,16:34:25,17:34:25,3,2,13,1
2023-11-18,20:10:27,21:10:27,3,5,17,1
2023-10-03,12:26:46,13:26:46,2,9,3,5
2022-12-29,18:45:16,19:45:16,3,14,4,2
2022-06-18,18:05:22,19:05:22,7,7,10,3
2023-06-04,16:12:28,17:12:28,1,10,4,3
2023-04-10,13:53:34,14:53:34,3,5,12,4
2021-03-15,20:36:04,21:36:04,5,20,8,1
2023-04-29,10:59:56,11:59:56,2,20,18,3
2023-02-12,12:32:24,13:32:24,2,20,11,1
2023-03-20,17:42:05,18:42:05,7,15,19,2
2022-12-30,17:18:13,18:18:13,5,6,9,2
2023-12-30,11:31:35,12:31:35,4,17,13,5
2024-09-23,10:22:53,11:22:53,2,16,12,4
2022-05-01,11:37:11,12:37:11,7,10,12,2
2024-08-06,09:25:01,10:25:01,4,6,7,5
2023-02-08,08:23:06,09:23:06,2,14,20,4
2022-11-20,20:15:03,21:15:03,2,9,3,5
2024-07-27,14:18:20,15:18:20,6,13,15,5
2023-07-20,18:34:39,19:34:39,5,15,18,4
2021-06-07,14:56:25,15:56:25,7,6,15,1
2024-04-30,12:03:47,13:03:47,7,10,19,3
2022-10-19,13:30:21,14:30:21,6,12,20,3
2023-01-21,08:21:09,09:21:09,4,18,16,4
2021-12-30,19:48:24,20:48:24,1,15,3,1
2023-01-17,16:17:31,17:17:31,7,2,16,3
2021-09-30,19:02:11,20:02:11,1,6,10,3
2021-02-11,17:09:06,18:09:06,3,4,14,2
2022-01-04,17:52:12,18:52:12,1,15,2,2
2022-04-13,17:41:00,18:41:00,7,6,5,2
2022-01-18,17:22:02,18:22:02,7,7,7,1
2023-02-21,15:43:10,16:43:10,3,12,4,1
2022-05-09,08:12:35,09:12:35,2,15,17,4
2022-12-14,08:30:43,09:30:43,2,19,4,3
2024-04-10,08:42:30,09:42:30,4,11,10,1
2024-06-05,15:44:10,16:44:10,4,10,4,4
2021-01-04,15:27:24,16:27:24,5,20,15,1
2023-10-02,11:06:58,12:06:58,5,2,12,2
2024-02-18,16:44:26,17:44:26,3,17,14,4
2020-12-04,17:29:13,18:29:13,6,19,20,4
2022-03-03,17:43:05,18:43:05,5,7,17,1
2024-01-21,18:28:18,19:28:18,2,1,3,2
2024-01-15,15:41:37,16:41:37,1,20,17,5
2021-06-20,09:31:27,10:31:27,5,19,16,1
2024-01-09,18:18:36,19:18:36,2,3,9,5
2020-12-24,13:29:09,14:29:09,7,1,6,4
2022-09-24,18:52:36,19:52:36,7,18,3,2
2023-06-20,12:48:09,13:48:09,7,15,20,5
2021-01-27,18:25:04,19:25:04,6,6,10,1
2024-09-05,17:18:40,18:18:40,1,12,14,3
2022-02-15,20:47:29,21:47:29,5,18,14,4
2021-03-06,11:10:41,12:10:41,7,12,12,4
2021-01-25,17:00:04,18:00:04,6,14,10,3
2021-06-20,20:36:07,21:36:07,7,6,18,3
2022-11-04,19:43:59,20:43:59,2,6,7,4
2021-07-27,10:45:20,11:45:20,6,3,13,4
2021-06-13,20:09:03,21:09:03,1,7,1,1
2023-02-03,15:13:22,16:13:22,5,13,3,5
2022-11-04,14:35:20,15:35:20,7,2,14,3
2024-05-16,14:09:53,15:09:53,3,7,4,5
2024-06-17,17:17:45,18:17:45,6,10,2,2
2024-07-26,16:52:35,17:52:35,2,8,5,3
2021-01-19,16:46:38,17:46:38,3,8,18,4
2023-12-04,12:59:55,13:59:55,2,20,18,1
2022-11-10,09:28:41,10:28:41,6,14,9,4
2024-06-23,13:09:09,14:09:09,2,19,6,5
2021-03-11,20:41:10,21:41:10,2,19,7,1
2024-10-07,12:23:45,13:23:45,7,4,4,1
2023-04-29,18:10:22,19:10:22,6,2,7,2
2024-01-22,13:40:18,14:40:18,2,18,5,2
2023-06-02,13:56:18,14:56:18,3,5,5,1
2021-08-01,08:54:29,09:54:29,7,13,5,2
2024-09-29,14:26:51,15:26:51,6,20,4,5
2021-10-04,09:27:03,10:27:03,2,15,15,3
2022-08-16,14:54:47,15:54:47,2,18,2,4
2021-02-25,18:49:00,19:49:00,7,8,16,4
2023-02-26,18:41:20,19:41:20,3,16,19,5
2021-08-27,17:01:41,18:01:41,4,17,20,2
2023-10-15,18:06:18,19:06:18,5,19,1,2
2023-04-18,12:58:15,13:58:15,6,20,20,5
2023-01-25,14:15:24,15:15:24,4,3,6,3
2022-03-29,13:36:21,14:36:21,2,3,19,2
2022-12-21,16:05:26,17:05:26,3,16,3,5
2024-09-09,18:18:06,19:18:06,3,9,7,1
2023-08-02,13:44:39,14:44:39,5,5,10,5
2023-03-16,18:09:14,19:09:14,5,4,3,2
2024-09-27,08:39:15,09:39:15,2,15,17,2
2022-01-22,10:48:18,11:48:18,6,19,7,1
2023-09-23,08:48:52,09:48:52,4,10,6,3
2021-03-13,12:04:00,13:04:00,6,4,20,2
2021-05-10,17:27:28,18:27:28,1,10,6,5
2022-03-03,17:57:31,18:57:31,5,12,1,4
2024-10-10,12:11:42,13:11:42,5,16,17,2
2021-09-23,17:15:59,18:15:59,5,6,15,4
2021-02-19,08:16:09,09:16:09,4,7,17,5
2021-02-19,08:44:39,09:44:39,5,18,14,1
2022-05-07,09:25:54,10:25:54,7,2,11,2
2022-03-08,14:28:02,15:28:02,5,1,3,1
2021-01-01,17:59:46,18:59:46,4,18,10,2
2023-10-20,09:26:06,10:26:06,7,10,5,4
2022-12-08,20:14:40,21:14:40,1,15,5,5
2024-05-16,20:23:25,21:23:25,4,2,14,2
2022-02-19,19:00:59,20:00:59,5,13,4,1
2023-03-02,16:06:11,17:06:11,6,7,9,4
2022-05-20,13:23:54,14:23:54,7,7,2,1
2022-06-13,16:31:48,17:31:48,4,6,11,1
2021-11-15,10:34:05,11:34:05,1,13,11,4
2023-07-22,16:24:18,17:24:18,6,19,13,2
2021-12-25,19:09:57,20:09:57,3,7,15,3
2022-11-06,18:57:40,19:57:40,2,15,3,3
2023-09-08,11:28:59,12:28:59,2,8,10,4
2023-04-22,12:57:10,13:57:10,5,10,2,1
2021-02-04,10:01:56,11:01:56,4,15,10,2
2021-02-24,12:27:35,13:27:35,3,4,11,4
2023-03-10,10:18:38,11:18:38,6,9,13,2
2023-05-13,11:20:17,12:20:17,3,2,6,4
2021-06-18,10:09:01,11:09:01,6,5,10,2
2021-06-27,13:44:44,14:44:44,7,11,13,3
2022-07-27,16:38:15,17:38:15,7,8,17,5
2022-02-26,08:49:05,09:49:05,1,9,15,2
2021-02-26,18:55:08,19:55:08,1,13,11,3
2024-11-04,12:00:54,13:00:54,4,13,19,5
2023-10-04,15:33:09,16:33:09,4,12,6,5
2024-09-02,15:47:23,16:47:23,6,16,4,2
2021-01-19,13:15:25,14:15:25,6,20,2,3
2022-10-13,08:53:55,09:53:55,6,13,16,1
2022-09-20,12:56:26,13:56:26,6,7,2,3
2020-11-17,19:52:13,20:52:13,6,7,17,2
2021-08-09,12:33:17,13:33:17,2,17,1,5
2021-06-07,19:01:07,20:01:07,3,20,5,2
2022-04-10,17:32:34,18:32:34,4,11,1,4
2024-10-13,08:05:31,09:05:31,6,14,5,1
2022-02-12,13:37:14,14:37:14,4,10,15,2
2021-08-18,18:40:20,19:40:20,2,10,3,5
2023-06-18,18:42:26,19:42:26,5,6,17,2
2024-02-01,12:07:53,13:07:53,5,18,12,1
2022-01-07,11:18:23,12:18:23,7,5,14,5
2023-08-21,18:08:26,19:08:26,1,2,15,5
2023-01-14,09:44:57,10:44:57,3,17,18,2
2024-07-12,12:09:51,13:09:51,4,16,15,2
2023-02-10,14:02:55,15:02:55,5,3,16,3
2021-04-10,13:00:30,14:00:30,6,13,10,1
2023-05-11,18:56:07,19:56:07,4,12,2,4
2021-12-18,18:29:45,19:29:45,5,20,17,3
2024-02-17,16:11:27,17:11:27,5,2,3,5
2021-06-13,10:49:42,11:49:42,3,9,9,2
2021-07-21,11:14:45,12:14:45,6,12,9,3
2022-07-14,09:06:48,10:06:48,5,2,16,1
2024-02-22,15:37:06,16:37:06,1,14,14,2
2024-07-19,09:17:32,10:17:32,7,12,5,4
2021-09-10,17:22:30,18:22:30,3,7,10,2
2024-01-05,18:37:22,19:37:22,6,14,20,5
2024-11-07,19:37:43,20:37:43,1,3,6,4
2022-03-19,08:29:04,09:29:04,6,11,10,1
2021-02-24,10:20:04,11:20:04,5,12,7,1
2024-08-09,16:52:16,17:52:16,1,16,10,4
2022-09-15,15:29:18,16:29:18,3,13,18,5
2021-05-21,09:10:43,10:10:43,1,17,7,4
2024-02-08,10:27:02,11:27:02,4,15,19,3
2022-10-18,19:45:42,20:45:42,6,18,3,1
2021-09-28,19:35:23,20:35:23,2,16,17,2
2023-08-25,11:47:07,12:47:07,5,3,9,2
2024-06-27,09:11:37,10:11:37,4,12,3,5
2024-11-06,12:44:08,13:44:08,5,20,19,5
2023-08-08,13:32:12,14:32:12,3,9,8,1
2023-02-28,19:35:06,20:35:06,6,3,13,1
2021-02-05,19:38:15,20:38:15,4,7,14,5
2021-12-15,09:36:51,10:36:51,6,17,8,5
2023-05-21,08:23:59,09:23:59,7,16,7,1
2024-11-15,18:18:00,19:18:00,7,6,15,3
2021-05-28,11:58:19,12:58:19,1,16,10,2
2021-03-23,20:04:26,21:04:26,7,17,12,2
2024-02-22,19:33:56,20:33:56,1,17,20,3
2021-11-18,12:52:07,13:52:07,6,2,13,1
2023-10-23,11:22:59,12:22:59,1,7,16,3
2022-08-22,13:16:35,14:16:35,7,10,10,1
2021-11-23,13:41:55,14:41:55,7,18,1,3
2021-01-04,14:43:32,15:43:32,2,15,15,3
2021-04-15,09:58:22,10:58:22,6,16,10,5
2021-12-20,15:46:24,16:46:24,4,4,20,1
2021-01-10,18:56:26,19:56:26,5,17,9,4
2024-05-29,09:33:57,10:33:57,1,14,4,3
2021-10-02,09:07:57,10:07:57,6,12,11,4
2022-02-05,18:07:26,19:07:26,1,16,11,2
2021-06-29,08:31:18,09:31:18,4,13,18,1
2023-01-10,13:04:22,14:04:22,6,13,1,5
2024-08-22,08:31:59,09:31:59,4,3,15,3
2023-04-17,19:34:37,20:34:37,1,14,2,5
2020-12-04,10:34:08,11:34:08,4,7,10,2
2021-12-13,15:15:28,16:15:28,4,14,5,3
2021-11-02,17:41:13,18:41:13,2,6,19,1
2023-07-09,10:30:54,11:30:54,2,10,18,4
2024-11-09,16:19:59,17:19:59,3,17,17,3
2024-06-24,19:32:16,20:32:16,7,9,17,4
2024-03-30,08:28:57,09:28:57,4,4,16,4
2022-01-18,13:09:21,14:09:21,2,20,19,4
2024-09-22,16:18:33,17:18:33,7,13,17,5
2021-12-05,18:58:17,19:58:17,2,7,20,2
2022-12-21,18:59:17,19:59:17,3,19,16,3
2024-02-28,20:58:35,21:58:35,4,15,17,5
2022-04-26,12:00:09,13:00:09,5,14,19,2
2024-06-30,10:42:16,11:42:16,5,19,13,5
2021-05-27,13:35:48,14:35:48,4,17,1,3
2021-04-20,10:43:17,11:43:17,6,7,12,2
2023-03-09,12:55:27,13:55:27,5,8,3,3
2022-08-28,15:04:50,16:04:50,2,20,5,2
2022-09-15,10:55:13,11:55:13,3,8,15,3
2022-07-10,17:18:46,18:18:46,5,2,8,2
2023-05-16,08:29:08,09:29:08,7,15,4,4
2024-07-29,12:56:19,13:56:19,2,2,6,2
2024-09-07,12:12:06,13:12:06,7,4,15,2
2021-11-15,10:37:51,11:37:51,7,17,6,5
2024-08-28,12:03:02,13:03:02,1,9,12,5
2021-04-12,19:45:11,20:45:11,1,8,13,5
2021-01-02,18:33:53,19:33:53,1,2,14,3
2024-03-01,19:36:49,20:36:49,7,13,11,5
2024-09-12,19:19:03,20:19:03,1,12,1,5
2022-05-10,19:12:15,20:12:15,6,17,17,3
2023-09-07,09:17:20,10:17:20,5,12,8,2
2022-04-04,19:20:17,20:20:17,4,19,18,5
2022-08-11,17:05:38,18:05:38,6,15,6,1
2021-04-15,08:02:35,09:02:35,1,4,17,1
2022-10-13,17:12:42,18:12:42,5,3,9,1
2021-06-03,12:05:05,13:05:05,4,19,12,3
2023-06-19,13:54:01,14:54:01,4,12,7,4
2021-07-30,20:52:45,21:52:45,3,18,15,4
2021-06-28,18:44:38,19:44:38,2,17,3,5
2022-06-02,15:03:18,16:03:18,2,18,16,1
2021-09-28,20:42:08,21:42:08,5,16,1,2
2023-08-13,08:08:25,09:08:25,5,10,5,3
2023-07-13,15:20:28,16:20:28,5,2,9,5
2024-11-09,14:02:56,15:02:56,6,10,12,5
2022-10-04,08:32:43,09:32:43,1,8,14,3
2024-07-24,14:29:22,15:29:22,2,2,20,4
2024-01-02,14:33:48,15:33:48,4,9,9,4
2021-03-17,12:16:01,13:16:01,1,5,10,5
2021-08-11,17:58:16,18:58:16,4,14,3,1
2024-04-01,20:39:20,21:39:20,7,19,9,5
2022-06-20,11:16:07,12:16:07,6,17,18,4
2023-07-17,11:19:57,12:19:57,3,10,14,2
2022-01-24,08:43:05,09:43:05,3,7,7,5
2021-07-12,17:38:21,18:38:21,4,17,7,1
2022-09-18,12:47:56,13:47:56,2,9,7,1
2023-01-07,13:47:41,14:47:41,3,14,11,4
2021-09-27,10:22:37,11:22:37,3,18,10,1
2024-06-23,20:08:23,21:08:23,5,18,5,2
2023-04-17,14:20:55,15:20:55,7,4,1,4
2024-07-25,14:34:20,15:34:20,5,16,11,4
2024-10-29,15:45:39,16:45:39,1,11,18,5
2024-07-04,15:18:21,16:18:21,4,14,17,4
2022-04-29,08:42:10,09:42:10,1,5,19,1
2024-06-06,20:04:45,21:04:45,1,8,3,2
2024-10-22,14:48:18,15:48:18,5,7,5,3
2024-09-15,11:26:06,12:26:06,3,20,8,3
2022-06-26,09:19:54,10:19:54,5,2,7,2
2022-10-31,20:09:53,21:09:53,1,4,5,4
2024-05-10,13:22:12,14:22:12,6,11,20,2
2021-08-04,19:44:01,20:44:01,4,10,4,3
2024-04-20,08:12:15,09:12:15,7,7,2,2
2023-01-23,09:27:12,10:27:12,4,9,20,5
2024-09-14,13:57:15,14:57:15,4,8,7,3
2024-01-06,13:44:52,14:44:52,2,11,9,3
2021-02-25,17:17:18,18:17:18,2,10,7,4
2023-07-19,19:24:45,20:24:45,3,3,17,3
2024-11-01,14:27:42,15:27:42,1,12,20,2
2022-01-28,10:05:42,11:05:42,7,9,17,1
2021-07-04,08:55:36,09:55:36,3,10,3,5
2023-01-21,17:20:49,18:20:49,1,8,16,1
2024-09-22,17:34:47,18:34:47,5,9,13,2
2022-01-13,11:04:02,12:04:02,2,16,16,5
2021-08-28,20:55:30,21:55:30,6,6,5,3
2023-01-07,13:27:41,14:27:41,5,13,19,5
2022-12-23,16:25:32,17:25:32,3,16,6,5
2022-09-01,17:04:34,18:04:34,7,2,5,5
2024-01-22,09:25:18,10:25:18,7,11,15,3
2021-04-25,20:43:18,21:43:18,3,6,20,2
2022-03-19,08:48:40,09:48:40,6,2,4,2
2024-04-17,10:20:03,11:20:03,1,1,20,1
2021-06-23,16:03:50,17:03:50,5,12,18,3
2023-10-17,13:10:28,14:10:28,4,1,3,5
2023-07-26,14:27:33,15:27:33,6,11,1,4
2021-06-07,18:53:27,19:53:27,4,5,17,4
2021-01-28,17:15:29,18:15:29,3,20,5,1
2023-09-26,09:34:24,10:34:24,6,14,19,3
2024-10-18,20:01:34,21:01:34,5,2,11,1
2024-06-12,16:26:19,17:26:19,4,7,11,2
2023-08-28,19:52:56,20:52:56,3,13,13,3
2024-11-05,18:36:46,19:36:46,2,12,4,3
2023-12-28,18:03:48,19:03:48,3,15,13,3
2021-03-25,18:37:26,19:37:26,1,13,15,2
2021-11-21,09:40:39,10:40:39,2,3,7,5
2024-10-08,11:59:23,12:59:23,3,12,6,3
2024-10-25,20:09:57,21:09:57,7,11,16,5
2023-06-13,14:34:30,15:34:30,6,16,3,2
2023-09-03,16:24:49,17:24:49,7,13,6,5
2023-12-09,11:24:33,12:24:33,6,12,19,3
2024-08-10,19:14:19,20:14:19,6,7,8,1
2023-11-09,16:51:19,17:51:19,6,7,6,2
2024-04-08,18:07:48,19:07:48,5,2,15,5
2022-10-04,11:06:39,12:06:39,3,13,13,1
2023-11-14,09:43:05,10:43:05,7,2,13,1
2022-03-15,14:31:20,15:31:20,4,11,3,2
2021-11-05,19:50:57,20:50:57,3,19,19,1
2022-05-18,09:24:54,10:24:54,6,20,4,1
2020-12-17,19:41:52,20:41:52,3,15,2,3
2023-01-24,11:16:19,12:16:19,5,1,17,2
2024-07-12,20:35:31,21:35:31,6,15,6,4
2020-11-22,18:42:16,19:42:16,7,3,12,1
2023-04-14,17:09:39,18:09:39,2,5,9,4
2024-02-28,20:04:02,21:04:02,7,1,17,3
2021-12-05,19:26:39,20:26:39,3,2,6,1
2024-08-22,16:04:50,17:04:50,7,14,7,1
2023-03-19,09:17:05,10:17:05,4,14,11,1
2024-02-05,12:38:04,13:38:04,7,4,19,4
2021-09-11,09:04:53,10:04:53,1,16,15,3
2022-01-09,09:00:22,10:00:22,7,4,11,5
2022-10-26,19:35:01,20:35:01,3,16,10,1
2024-07-30,09:45:16,10:45:16,5,2,1,4
2024-02-28,09:49:32,10:49:32,4,12,5,1
2022-01-02,14:40:28,15:40:28,1,13,12,2
2022-01-20,20:41:22,21:41:22,6,7,10,4
2023-07-05,08:49:46,09:49:46,2,1,11,5
2023-03-04,17:04:43,18:04:43,7,9,4,4
2023-02-21,11:04:22,12:04:22,1,8,14,1
2024-01-28,13:38:53,14:38:53,4,6,7,1
2021-12-21,09:53:47,10:53:47,6,9,13,2
2024-03-30,20:19:35,21:19:35,1,8,17,2
2022-09-20,08:31:59,09:31:59,1,9,13,4
2024-05-02,11:07:53,12:07:53,7,6,17,2
2021-10-03,10:02:04,11:02:04,4,2,14,3
2022-09-23,19:04:47,20:04:47,2,14,19,1
2022-02-02,11:39:59,12:39:59,7,4,3,5
2024-06-21,20:36:08,21:36:08,1,6,7,2
2022-06-20,16:10:36,17:10:36,7,15,1,3
2022-05-23,13:52:01,14:52:01,3,17,14,1
2023-01-11,17:55:36,18:55:36,1,18,7,3
2024-02-13,16:08:37,17:08:37,3,7,11,1
2021-03-26,20:09:15,21:09:15,4,6,13,1
2024-04-13,20:46:28,21:46:28,2,1,11,5
2021-12-21,08:43:12,09:43:12,6,16,19,5
2022-12-05,11:02:22,12:02:22,3,11,8,4
2022-05-08,16:58:58,17:58:58,3,18,18,1
2022-08-17,18:14:18,19:14:18,2,12,10,1
2021-03-07,11:49:24,12:49:24,1,19,15,5
2022-12-02,14:55:12,15:55:12,1,6,20,2
2022-08-05,11:33:21,12:33:21,5,14,9,2
2021-11-01,15:09:10,16:09:10,7,1,20,4
2023-04-29,12:24:41,13:24:41,3,6,13,4
2024-05-29,11:49:25,12:49:25,4,3,7,5
2020-11-18,19:07:41,20:07:41,3,14,18,4
2023-12-09,14:10:33,15:10:33,2,4,1,5
2021-06-02,17:07:57,18:07:57,4,19,16,3
2024-08-01,15:28:41,16:28:41,5,16,1,2
2023-05-03,10:13:45,11:13:45,5,13,17,1
2023-11-16,16:57:39,17:57:39,6,7,16,3
2023-06-21,08:28:29,09:28:29,1,20,20,3
2021-09-30,17:43:04,18:43:04,2,16,1,1
2022-11-16,17:43:31,18:43:31,3,4,15,1
2022-01-14,17:30:55,18:30:55,2,8,9,5
2021-12-08,14:49:40,15:49:40,5,7,14,5
2022-02-15,11:08:11,12:08:11,1,18,7,4
2024-01-24,09:43:42,10:43:42,2,5,18,4
2023-10-08,15:28:06,16:28:06,6,17,16,3
2021-08-15,15:09:06,16:09:06,6,18,13,3
2021-04-06,19:51:33,20:51:33,3,3,4,3
2021-06-03,17:19:54,18:19:54,4,18,6,3
2024-04-01,11:47:22,12:47:22,3,1,17,1
2021-10-28,17:23:11,18:23:11,1,4,8,1
2022-04-26,14:08:51,15:08:51,6,13,15,2
2022-03-20,12:28:57,13:28:57,1,4,17,3
2022-07-28,11:55:44,12:55:44,3,10,9,1
2024-07-13,16:16:27,17:16:27,7,13,9,4
2021-01-16,15:03:25,16:03:25,5,20,17,5
2024-07-11,11:29:50,12:29:50,1,7,2,5
2023-02-22,13:14:03,14:14:03,2,2,1,4
2024-06-10,12:52:20,13:52:20,1,4,20,1
2024-10-02,16:36:42,17:36:42,6,4,2,2
2021-03-16,14:39:37,15:39:37,7,15,15,4
2021-07-16,18:39:09,19:39:09,5,13,20,2
2022-01-19,11:27:05,12:27:05,5,13,12,2
2022-03-02,10:38:27,11:38:27,7,10,16,4
2021-07-31,19:37:05,20:37:05,2,5,17,4
2023-08-28,15:47:25,16:47:25,3,4,4,4
2021-11-24,11:50:59,12:50:59,6,5,15,1
2024-02-27,17:26:10,18:26:10,1,2,11,2
2022-12-17,16:47:46,17:47:46,6,12,4,3
2024-10-20,13:57:50,14:57:50,6,13,16,5
2022-07-17,19:54:14,20:54:14,3,3,16,1
2024-11-01,08:24:45,09:24:45,5,14,8,4
2024-04-29,15:38:46,16:38:46,2,8,6,2
2023-08-15,10:55:27,11:55:27,6,1,1,5
2024-03-14,18:09:25,19:09:25,4,9,6,4
2023-12-23,15:34:23,16:34:23,6,12,13,5
2022-01-02,11:52:25,12:52:25,6,19,3,1
2024-10-29,13:40:23,14:40:23,5,13,3,1
2021-05-08,10:37:51,11:37:51,2,12,10,3
2024-09-19,18:25:27,19:25:27,3,8,4,1
2024-02-03,10:33:48,11:33:48,1,16,20,2
2023-10-03,11:49:48,12:49:48,4,12,4,5
2023-01-26,10:30:57,11:30:57,6,8,18,2
2022-08-29,09:04:56,10:04:56,6,17,4,1
2020-12-01,19:44:04,20:44:04,3,2,19,1
2024-01-07,08:54:06,09:54:06,2,6,6,2
2023-11-29,14:42:58,15:42:58,3,6,6,3
2021-06-30,11:27:31,12:27:31,7,14,8,3
2022-09-21,15:34:13,16:34:13,5,7,13,5
2021-01-07,17:38:38,18:38:38,4,4,15,2
2021-08-25,19:03:42,20:03:42,1,12,6,3
2022-11-17,14:06:57,15:06:57,6,18,8,5
2022-10-22,17:44:07,18:44:07,4,16,16,1
2022-07-13,14:20:20,15:20:20,3,6,19,3
2021-07-31,17:01:38,18:01:38,7,7,7,4
2024-07-04,20:54:24,21:54:24,7,1,3,1
2023-08-12,18:53:59,19:53:59,3,11,11,1
2020-12-20,09:37:47,10:37:47,5,6,16,3
2021-08-23,09:45:55,10:45:55,6,4,7,4
2021-02-19,11:06:08,12:06:08,6,20,7,4
2024-11-10,18:41:11,19:41:11,6,1,13,2
2021-02-01,09:10:13,10:10:13,7,17,17,5
2023-05-07,10:13:42,11:13:42,1,19,6,2
2023-03-13,16:16:19,17:16:19,3,12,14,2
2022-09-02,14:42:38,15:42:38,2,7,8,2
2024-05-24,17:30:17,18:30:17,5,9,9,3
2020-12-15,11:44:32,12:44:32,3,7,5,1
2023-10-11,08:11:16,09:11:16,6,3,14,4
2024-02-28,18:34:31,19:34:31,7,5,8,4
2023-11-13,15:17:45,16:17:45,6,18,17,2
2023-12-11,15:44:58,16:44:58,3,4,8,4
2021-12-11,16:43:22,17:43:22,1,11,3,5
2022-06-09,15:51:38,16:51:38,5,10,9,3
2024-01-20,10:15:29,11:15:29,4,3,7,1
2021-01-05,11:11:10,12:11:10,3,10,2,4
2024-09-02,11:33:49,12:33:49,7,4,5,4
2022-08-23,11:37:57,12:37:57,6,6,13,2
2023-01-10,08:30:27,09:30:27,2,16,4,5
2021-05-31,19:42:03,20:42:03,4,13,2,4
2022-05-18,14:41:42,15:41:42,5,3,13,3
2023-10-03,10:24:08,11:24:08,5,1,4,3
2023-07-27,17:15:12,18:15:12,6,9,11,1
2021-07-07,18:05:13,19:05:13,7,4,10,3
2022-04-22,16:54:39,17:54:39,5,18,14,1
2023-09-28,20:50:26,21:50:26,4,6,19,1
2024-03-03,11:39:59,12:39:59,6,10,4,2
2023-04-20,15:36:41,16:36:41,5,12,9,5
2024-10-13,18:12:17,19:12:17,5,16,8,3
2021-12-21,16:10:27,17:10:27,3,9,19,3
2022-02-01,11:22:57,12:22:57,3,17,6,3
2022-07-25,14:40:06,15:40:06,7,12,7,1
2022-05-10,18:15:08,19:15:08,7,1,17,2
2024-01-29,12:28:47,13:28:47,5,11,16,5
2023-04-02,14:12:27,15:12:27,2,16,9,4
2022-07-13,10:53:35,11:53:35,2,10,16,1
2022-09-11,17:57:39,18:57:39,1,6,18,4
2021-05-06,09:45:15,10:45:15,3,6,5,3
2024-08-19,19:28:42,20:28:42,6,6,15,4
2021-10-26,15:23:31,16:23:31,2,10,10,5
2024-08-30,17:39:35,18:39:35,3,15,12,4
2024-02-07,13:14:00,14:14:00,7,13,7,4
2021-08-03,15:31:20,16:31:20,3,6,4,2
2024-06-13,08:59:50,09:59:50,5,16,20,5
2021-04-06,11:40:50,12:40:50,1,3,19,5
2021-07-01,20:59:39,21:59:39,3,18,12,3
2024-08-27,13:11:00,14:11:00,3,2,1,3
2022-09-24,11:19:20,12:19:20,6,1,15,1
2021-07-07,12:59:54,13:59:54,4,8,13,4
2021-03-19,20:43:23,21:43:23,1,1,15,3
2022-01-18,10:27:00,11:27:00,7,14,8,4
2021-11-17,18:03:46,19:03:46,2,2,7,5
2022-10-16,16:33:12,17:33:12,5,18,17,2
2021-03-24,20:03:08,21:03:08,4,15,8,1
2022-09-14,18:15:37,19:15:37,4,15,5,2
2023-07-27,12:52:52,13:52:52,3,4,14,5
2022-07-05,15:14:38,16:14:38,1,9,16,2
2021-07-10,10:56:13,11:56:13,4,13,16,2
2022-10-28,12:38:35,13:38:35,7,13,19,2
2023-08-24,17:32:57,18:32:57,7,17,12,5
2024-08-02,17:06:24,18:06:24,7,3,3,3
2024-01-28,11:08:46,12:08:46,6,19,12,1
2021-10-30,15:40:34,16:40:34,4,13,5,1
2021-12-28,20:55:33,21:55:33,3,9,20,4
2024-03-31,11:31:21,12:31:21,1,20,1,3
2023-01-09,14:52:37,15:52:37,6,4,6,1
2023-04-06,16:09:25,17:09:25,5,20,2,3
2021-08-23,20:54:37,21:54:37,3,20,3,3
2022-09-27,14:51:22,15:51:22,7,13,5,2
2021-10-25,11:37:22,12:37:22,2,13,2,3
2022-09-27,08:44:13,09:44:13,2,18,5,1
2021-11-17,14:46:42,15:46:42,1,5,10,2
2022-12-03,08:47:00,09:47:00,3,17,3,3
2022-04-02,11:40:48,12:40:48,5,9,3,1
2023-06-09,12:49:54,13:49:54,4,11,3,5
2023-12-25,17:00:46,18:00:46,2,12,20,1
2022-07-28,13:45:15,14:45:15,5,13,4,2
2021-08-08,10:08:41,11:08:41,4,4,19,5
2022-09-05,18:13:51,19:13:51,6,7,17,3
2023-02-19,14:46:53,15:46:53,2,15,13,5
2022-07-21,15:54:08,16:54:08,7,5,8,2
2022-03-04,19:44:19,20:44:19,3,1,17,4
2021-02-20,09:27:22,10:27:22,7,8,15,2
2023-11-08,09:13:36,10:13:36,6,14,15,3
2020-12-29,16:29:25,17:29:25,5,13,16,4
2023-06-28,08:32:55,09:32:55,3,13,8,1
2023-07-17,11:15:19,12:15:19,7,12,19,1
2021-12-14,11:34:15,12:34:15,1,20,16,1
2022-01-02,12:45:07,13:45:07,1,2,2,1
2024-08-19,13:49:37,14:49:37,4,7,9,1
2021-10-10,17:40:59,18:40:59,3,18,7,5
2024-07-11,19:54:03,20:54:03,4,1,15,4
2021-06-10,15:26:32,16:26:32,2,11,3,4
2021-05-31,13:05:32,14:05:32,7,20,6,1
2023-10-26,19:25:10,20:25:10,3,19,10,1
2024-05-19,13:35:45,14:35:45,5,11,8,3
2024-04-05,11:41:40,12:41:40,5,14,19,2
2023-06-10,13:54:16,14:54:16,6,6,4,3
2024-08-31,20:37:32,21:37:32,1,16,18,1
2022-10-27,10:23:40,11:23:40,1,18,3,1
2023-04-22,18:08:41,19:08:41,1,17,14,5
2022-02-15,20:54:14,21:54:14,5,9,20,5
2023-02-08,16:44:33,17:44:33,2,18,5,5
2024-06-12,08:29:19,09:29:19,2,15,11,2
2023-11-19,19:36:17,20:36:17,5,12,17,1
2024-04-08,18:24:12,19:24:12,2,16,5,5
2022-03-08,09:04:45,10:04:45,6,13,9,3
2021-06-16,18:57:52,19:57:52,3,5,18,2
2023-08-14,12:37:01,13:37:01,1,4,16,3
2023-07-25,08:20:33,09:20:33,4,17,8,4
2024-03-03,18:26:17,19:26:17,5,17,13,3
2021-04-23,16:53:27,17:53:27,5,8,8,5
2024-10-30,19:51:29,20:51:29,5,10,15,1
2023-05-21,19:44:18,20:44:18,6,17,15,3
2024-03-25,17:28:24,18:28:24,2,7,15,4
2024-10-15,11:47:17,12:47:17,4,19,12,4
2023-05-07,16:59:51,17:59:51,2,6,12,5
2024-10-18,17:23:04,18:23:04,4,7,13,5
2023-01-28,14:24:32,15:24:32,2,1,20,3
2021-10-17,09:51:03,10:51:03,4,5,1,3
2021-09-14,16:37:15,17:37:15,6,13,15,3
2021-08-28,10:42:41,11:42:41,1,4,19,5
2022-11-15,18:22:04,19:22:04,2,14,20,1
2021-04-20,14:36:07,15:36:07,6,7,11,2
2023-04-24,18:58:30,19:58:30,5,2,3,5
2022-10-26,10:51:02,11:51:02,2,10,16,1
2024-07-08,14:19:22,15:19:22,1,13,15,4
2022-09-21,12:32:58,13:32:58,2,19,15,5
2022-10-27,19:06:53,20:06:53,4,20,9,5
2023-12-18,20:56:04,21:56:04,4,1,19,2
2022-08-18,20:13:22,21:13:22,5,7,2,3
2022-01-09,19:26:52,20:26:52,7,9,18,4
2022-07-21,20:00:43,21:00:43,1,9,2,3
2020-11-28,12:07:05,13:07:05,1,7,14,5
2021-09-13,19:41:52,20:41:52,3,9,3,5
2021-07-22,08:43:36,09:43:36,1,12,7,5
2023-09-26,15:19:56,16:19:56,2,11,14,5
2023-06-14,13:57:31,14:57:31,7,5,3,3
2022-08-22,10:57:56,11:57:56,1,7,13,2
2024-01-07,17:37:39,18:37:39,3,9,8,4
2023-04-23,19:49:35,20:49:35,6,2,4,2
2023-06-20,09:01:19,10:01:19,6,6,16,1
2024-05-05,09:53:06,10:53:06,4,3,6,2
2022-10-30,17:44:08,18:44:08,3,6,6,1
2023-06-11,08:49:19,09:49:19,4,7,7,3
2021-08-19,13:41:54,14:41:54,1,2,6,2
2022-04-20,15:41:27,16:41:27,1,15,5,1
2021-06-29,18:41:05,19:41:05,2,8,6,1
2023-05-22,09:01:04,10:01:04,6,19,14,2
2022-01-29,18:11:25,19:11:25,2,16,7,4
2024-04-01,17:25:02,18:25:02,5,6,16,3
2022-01-04,18:23:01,19:23:01,2,15,19,1
2022-03-12,11:40:15,12:40:15,7,14,10,1
2024-04-08,18:31:33,19:31:33,1,3,16,4
2023-12-28,08:47:56,09:47:56,1,11,11,3
2021-07-29,14:33:04,15:33:04,4,4,10,2
2021-07-18,09:31:01,10:31:01,2,1,2,1
2021-09-06,20:18:18,21:18:18,6,6,5,4
2024-02-12,14:01:24,15:01:24,5,8,4,3
2021-11-18,15:40:24,16:40:24,4,17,1,5
2021-02-03,13:35:36,14:35:36,2,9,19,2
2023-11-12,13:15:34,14:15:34,5,8,2,1
2021-10-20,19:08:43,20:08:43,7,5,9,3
2022-01-18,20:24:35,21:24:35,5,8,5,2
2021-05-26,09:06:32,10:06:32,7,8,17,1
2024-01-17,11:47:17,12:47:17,7,17,11,3
2023-11-23,13:37:21,14:37:21,6,2,11,2
2022-02-10,09:10:18,10:10:18,1,3,16,5
2023-04-17,17:26:13,18:26:13,6,17,3,4
2024-06-11,13:16:14,14:16:14,5,13,20,4
2022-10-06,11:43:14,12:43:14,5,11,10,3
2021-03-30,20:54:51,21:54:51,4,2,18,4
2023-03-18,09:24:53,10:24:53,1,9,2,2
2021-10-23,13:32:22,14:32:22,5,9,14,1
2023-07-04,16:39:08,17:39:08,4,14,10,2
2023-04-05,08:05:07,09:05:07,4,1,1,3
2021-10-28,14:53:16,15:53:16,5,15,15,1
2023-01-28,12:39:14,13:39:14,2,6,18,3
2023-01-12,08:51:39,09:51:39,5,13,11,1
2024-05-09,20:30:07,21:30:07,7,9,15,5
2021-02-09,13:02:11,14:02:11,7,8,6,5
2024-01-03,08:06:59,09:06:59,5,16,1,3
2022-01-07,18:55:48,19:55:48,5,7,13,5
2021-10-25,11:07:05,12:07:05,1,7,5,4
2021-05-15,10:54:58,11:54:58,2,15,5,2
2023-01-09,18:09:44,19:09:44,6,18,13,1
2022-02-07,16:20:17,17:20:17,3,1,20,3
2020-11-17,14:52:40,15:52:40,5,16,12,1
2024-02-16,09:33:52,10:33:52,7,18,4,2
2023-05-20,14:34:43,15:34:43,5,4,15,1
2024-02-06,17:06:07,18:06:07,6,4,18,3
2021-11-23,12:52:15,13:52:15,7,15,4,4
2024-10-20,13:45:31,14:45:31,7,13,15,5
2023-10-11,13:05:26,14:05:26,5,10,18,3
2022-05-19,20:51:22,21:51:22,2,14,5,1
2022-11-11,14:09:52,15:09:52,2,2,7,2
2024-07-07,08:40:45,09:40:45,5,3,10,5
2023-04-27,12:53:55,13:53:55,7,17,6,5
2023-08-03,10:34:57,11:34:57,3,8,6,5
2021-03-24,19:08:56,20:08:56,7,19,14,5
2023-09-03,18:00:43,19:00:43,4,16,15,1
2024-05-30,09:54:29,10:54:29,1,20,1,3
2022-05-01,12:49:32,13:49:32,2,4,6,4
2024-01-21,19:15:06,20:15:06,3,20,8,5
2024-11-03,09:36:08,10:36:08,1,15,17,3
2023-04-09,18:19:55,19:19:55,5,19,10,5
2021-09-07,10:29:16,11:29:16,6,18,10,5
2024-03-09,09:58:39,10:58:39,2,8,17,2
2023-07-09,10:38:47,11:38:47,4,8,18,4
2023-08-13,15:21:33,16:21:33,7,19,11,2
2024-02-24,18:32:00,19:32:00,4,19,13,3
2021-02-21,12:41:13,13:41:13,7,6,17,1
2024-02-16,18:56:16,19:56:16,3,11,1,3
2024-08-13,16:34:50,17:34:50,7,13,2,1
2024-07-04,18:14:18,19:14:18,3,13,3,2
2024-02-25,15:02:12,16:02:12,5,4,9,4
2023-12-13,12:10:13,13:10:13,5,14,16,5
2022-02-26,18:16:47,19:16:47,7,11,2,3
2022-11-25,16:29:18,17:29:18,3,13,20,5
2024-04-15,12:40:41,13:40:41,5,1,13,5
2022-06-27,13:59:16,14:59:16,4,6,15,3
2024-05-10,11:05:23,12:05:23,7,12,3,4
2022-06-16,10:08:11,11:08:11,5,16,4,2
2023-07-11,10:15:38,11:15:38,7,7,8,3
2021-09-08,09:01:03,10:01:03,5,11,10,1
2024-08-16,10:49:58,11:49:58,1,17,20,4
2021-04-30,19:02:40,20:02:40,7,3,12,5
2021-06-01,11:01:59,12:01:59,5,15,5,1
2021-04-29,17:33:27,18:33:27,6,14,16,4
2022-08-04,08:25:58,09:25:58,5,11,20,5
2021-07-12,17:15:46,18:15:46,2,3,7,3
2023-03-30,20:34:35,21:34:35,6,13,6,2
2021-04-08,19:39:13,20:39:13,5,3,2,1
2024-10-20,14:25:55,15:25:55,3,7,4,4
2023-04-20,17:02:18,18:02:18,3,4,13,4
2020-12-08,17:09:09,18:09:09,1,20,16,4
2021-03-10,10:21:25,11:21:25,5,17,14,2
2020-12-14,18:01:57,19:01:57,7,18,14,3
2024-01-17,13:38:22,14:38:22,2,6,15,3
2022-08-30,13:18:27,14:18:27,6,13,15,2
2024-08-31,09:26:56,10:26:56,4,7,11,4
2023-07-12,11:45:13,12:45:13,7,16,12,1
2023-02-04,17:44:31,18:44:31,2,14,18,1
2021-10-08,20:31:59,21:31:59,3,9,15,1
2024-07-26,13:11:51,14:11:51,2,18,8,5
2021-08-25,17:58:58,18:58:58,3,2,11,1
2020-12-16,15:41:37,16:41:37,1,6,19,2
2021-04-10,18:55:06,19:55:06,1,1,5,3
2024-10-21,20:41:02,21:41:02,5,4,2,5
2021-03-18,18:23:44,19:23:44,2,18,16,1
2024-04-27,09:00:32,10:00:32,3,11,7,1
2023-08-02,17:53:19,18:53:19,7,14,7,1
2021-08-09,10:35:22,11:35:22,7,2,2,5
2023-01-14,09:26:21,10:26:21,5,18,14,3
2023-01-15,10:24:57,11:24:57,6,12,14,2
2023-03-18,18:43:28,19:43:28,1,17,4,4
2024-02-18,13:34:12,14:34:12,3,8,7,1
2023-08-07,17:42:44,18:42:44,3,13,10,5
2022-10-26,15:28:11,16:28:11,2,14,5,2
2021-01-08,20:08:18,21:08:18,1,10,16,3
2022-11-16,19:22:50,20:22:50,5,17,5,3
2022-06-13,10:03:02,11:03:02,6,14,10,4
2023-11-18,08:15:10,09:15:10,7,6,19,3
2024-10-19,09:25:23,10:25:23,6,16,20,4
2022-10-03,12:26:34,13:26:34,6,20,4,2
2021-02-20,19:28:55,20:28:55,5,5,10,1
2021-04-18,17:40:05,18:40:05,6,2,11,5
2021-10-31,19:14:20,20:14:20,1,10,16,2
2021-01-22,18:15:04,19:15:04,2,8,12,1
2021-09-30,20:34:40,21:34:40,1,4,19,5
2024-03-24,08:10:33,09:10:33,2,2,17,3
2021-04-20,13:14:18,14:14:18,3,9,3,4
2021-02-02,11:50:11,12:50:11,6,14,6,2
2020-11-26,17:30:18,18:30:18,4,1,10,4
2022-02-26,11:33:30,12:33:30,7,12,18,2
2020-12-13,16:05:50,17:05:50,5,9,1,1
2021-01-02,18:57:44,19:57:44,3,9,10,3
2023-09-04,18:45:51,19:45:51,1,12,14,5
2021-01-25,18:16:01,19:16:01,3,12,1,5
2021-02-05,19:35:45,20:35:45,1,19,4,1
2021-02-03,10:38:26,11:38:26,3,11,20,3
2021-05-23,16:05:24,17:05:24,2,10,13,1
2022-09-29,15:18:41,16:18:41,1,10,10,3
2021-02-09,10:49:21,11:49:21,5,10,10,5
2020-11-19,11:28:51,12:28:51,5,7,7,4
2022-05-25,15:44:54,16:44:54,3,7,17,2
2024-10-23,11:10:42,12:10:42,2,19,6,4
2024-10-09,16:05:02,17:05:02,3,18,11,3
2022-05-30,19:48:32,20:48:32,4,5,17,5
2023-09-13,18:15:48,19:15:48,6,10,15,5
2023-03-22,09:10:39,10:10:39,5,10,3,3
2022-11-22,20:02:11,21:02:11,6,18,8,3
2021-02-26,10:58:38,11:58:38,3,7,8,3
2022-05-16,17:46:51,18:46:51,2,16,14,1
2023-01-04,11:06:10,12:06:10,2,13,12,4
2022-08-04,17:49:59,18:49:59,5,5,6,2
2021-10-22,20:12:07,21:12:07,4,16,8,4
2021-12-19,15:20:00,16:20:00,1,16,3,1
2022-12-11,15:28:57,16:28:57,2,10,11,1
2021-03-01,14:42:18,15:42:18,3,3,10,5
2021-04-20,11:19:59,12:19:59,1,7,10,2
2023-02-21,09:18:36,10:18:36,2,3,11,5
2024-09-21,10:53:10,11:53:10,3,7,1,1
2023-05-12,10:25:30,11:25:30,2,7,13,4
2024-06-26,18:50:37,19:50:37,7,15,11,3
2022-08-05,13:05:14,14:05:14,5,14,2,5
2022-01-19,13:02:56,14:02:56,4,6,5,4
2024-08-19,18:48:17,19:48:17,7,15,17,3
2024-08-13,18:57:30,19:57:30,1,8,1,2
2023-06-04,16:23:27,17:23:27,4,15,13,2
2023-12-17,12:31:49,13:31:49,4,3,19,4
2021-07-18,16:11:13,17:11:13,7,18,7,5
2023-06-08,14:13:25,15:13:25,4,13,5,4
2023-10-29,12:18:59,13:18:59,4,20,6,3
2023-04-01,15:20:42,16:20:42,5,8,19,5
2021-08-23,11:07:42,12:07:42,4,12,4,4
2023-03-09,09:33:47,10:33:47,6,20,17,4
2024-07-18,13:45:55,14:45:55,5,16,14,2
2022-06-01,13:24:52,14:24:52,6,10,9,2
2023-09-23,13:25:07,14:25:07,7,11,10,3
2021-04-14,11:59:47,12:59:47,5,11,3,5
2022-06-15,09:03:58,10:03:58,1,3,20,2
2021-06-07,15:37:50,16:37:50,4,16,4,3
2022-03-03,12:18:44,13:18:44,4,8,6,1
2023-05-14,17:32:08,18:32:08,1,18,15,5
2021-07-26,20:39:16,21:39:16,1,12,15,5
2023-03-08,15:51:37,16:51:37,7,8,18,3
2022-06-10,08:39:49,09:39:49,4,19,6,5
2022-05-28,09:46:06,10:46:06,6,5,9,3
2021-11-01,12:13:16,13:13:16,1,6,11,4
2021-05-04,20:48:08,21:48:08,2,7,11,3
2022-10-03,10:46:54,11:46:54,4,14,15,4
2023-03-11,10:56:38,11:56:38,5,16,3,5
2021-06-06,14:05:56,15:05:56,2,10,8,5
2024-02-14,08:59:08,09:59:08,2,5,4,4
2022-12-13,11:46:46,12:46:46,2,2,19,4
2024-08-17,15:05:58,16:05:58,5,6,2,2
2020-12-12,14:43:53,15:43:53,7,18,6,3
2024-10-01,18:24:39,19:24:39,7,13,11,4
2023-06-28,11:10:33,12:10:33,5,3,13,2
2024-08-05,20:40:31,21:40:31,3,4,10,5
2022-05-25,10:47:38,11:47:38,7,14,4,4
2021-12-19,15:11:24,16:11:24,1,1,2,1
2022-01-27,09:23:28,10:23:28,5,11,20,3
2022-12-04,12:24:41,13:24:41,4,6,5,4
2022-06-24,10:21:48,11:21:48,1,2,3,5
2021-08-21,10:39:46,11:39:46,7,7,7,1
2023-07-04,20:55:35,21:55:35,3,13,2,1
2022-03-21,17:44:53,18:44:53,2,18,12,3
2021-01-08,19:21:10,20:21:10,2,12,10,5
2022-06-16,11:16:43,12:16:43,7,19,2,5
2024-03-03,15:27:07,16:27:07,4,10,11,2
2024-07-25,14:59:22,15:59:22,7,4,2,1
2022-08-23,15:39:56,16:39:56,3,3,15,3
2022-10-14,20:21:26,21:21:26,2,10,19,5
2022-05-02,11:47:06,12:47:06,3,7,9,1
2021-08-28,19:38:38,20:38:38,6,20,8,4
2022-06-12,19:57:06,20:57:06,1,15,19,3
2023-04-27,08:23:56,09:23:56,6,6,11,4
2021-03-15,20:59:09,21:59:09,1,15,11,3
2021-11-02,16:39:45,17:39:45,2,19,1,4
2022-06-25,13:07:11,14:07:11,5,20,20,2
2021-12-12,10:03:39,11:03:39,7,18,7,4
2021-12-09,14:38:24,15:38:24,3,8,3,4
2023-10-09,17:43:25,18:43:25,2,15,5,2
2022-06-05,20:57:43,21:57:43,6,8,12,1
2022-11-03,17:12:45,18:12:45,5,8,10,2
2021-12-19,18:59:33,19:59:33,1,5,6,1
2024-07-27,19:38:16,20:38:16,4,10,2,1
2024-03-16,17:39:03,18:39:03,5,5,11,4
2020-11-19,15:57:18,16:57:18,1,9,13,2
2022-10-07,19:44:46,20:44:46,5,4,4,1
2024-11-15,15:02:11,16:02:11,3,1,2,2
2021-06-09,15:24:09,16:24:09,6,17,14,5
2022-08-04,18:44:07,19:44:07,2,20,17,5
2024-02-28,19:41:58,20:41:58,6,2,2,4
2021-07-14,15:14:44,16:14:44,7,8,5,5
2023-07-16,10:17:33,11:17:33,3,10,12,4
2022-04-04,16:04:44,17:04:44,7,13,10,3
2024-11-01,12:46:29,13:46:29,1,8,14,4
2023-06-11,14:02:38,15:02:38,7,12,19,3
2024-10-24,14:28:47,15:28:47,2,9,16,1
2023-03-05,12:15:40,13:15:40,2,11,16,5
2022-04-09,18:44:43,19:44:43,6,8,5,2
2023-06-16,19:15:23,20:15:23,2,18,17,1
2023-08-18,20:27:53,21:27:53,5,12,20,3
2022-02-07,18:51:11,19:51:11,5,8,2,1
2023-01-21,20:57:38,21:57:38,1,7,4,4
2024-08-10,11:02:33,12:02:33,7,19,16,1
2022-06-19,11:44:01,12:44:01,6,15,6,5
2022-03-15,16:25:04,17:25:04,2,10,11,1
2022-12-16,08:07:23,09:07:23,2,18,2,5
2022-01-02,19:06:48,20:06:48,7,2,6,2
2021-08-02,19:11:50,20:11:50,3,20,11,5
2024-03-29,13:58:14,14:58:14,7,11,3,5
2024-06-24,19:00:56,20:00:56,5,17,8,2
2021-07-01,18:24:49,19:24:49,6,14,12,1
2022-05-05,20:23:08,21:23:08,7,1,17,4
2022-11-26,18:06:38,19:06:38,3,7,19,5
2022-07-10,14:10:32,15:10:32,1,19,1,5
2023-01-27,10:38:17,11:38:17,5,12,8,1
2021-07-06,09:43:54,10:43:54,5,10,5,5
2023-07-24,18:13:12,19:13:12,6,13,9,3
2021-08-04,08:28:32,09:28:32,7,4,4,2
2023-08-27,20:16:11,21:16:11,6,13,11,3
2024-01-27,09:18:23,10:18:23,2,9,11,1
2022-09-24,17:44:44,18:44:44,4,18,15,2
2021-08-02,19:21:28,20:21:28,5,10,8,3
2023-03-23,11:04:16,12:04:16,7,8,11,1
2023-03-13,17:26:08,18:26:08,5,10,8,5
2022-06-27,14:23:06,15:23:06,1,14,14,1
2024-07-12,14:07:57,15:07:57,2,8,6,2
2020-12-09,12:48:25,13:48:25,4,20,19,1
2024-02-28,12:10:41,13:10:41,5,3,1,2
2024-08-19,10:41:41,11:41:41,4,3,5,1
2022-01-19,14:23:55,15:23:55,6,9,6,1
2021-12-26,13:56:11,14:56:11,5,1,11,1
2024-02-27,20:06:48,21:06:48,7,9,13,1
2022-04-25,18:14:09,19:14:09,4,16,2,4
2024-04-02,10:44:28,11:44:28,1,12,8,3
2022-12-05,17:12:00,18:12:00,3,11,7,1
2023-12-15,12:28:21,13:28:21,2,10,5,4
2021-09-20,17:17:40,18:17:40,2,5,5,3
2021-02-08,11:20:37,12:20:37,3,14,11,4
2021-04-22,12:45:39,13:45:39,3,13,10,2
2021-01-20,08:16:02,09:16:02,6,18,2,5
2022-11-22,12:26:13,13:26:13,4,7,13,5
2021-10-15,14:33:56,15:33:56,7,7,9,4
2021-10-07,09:45:27,10:45:27,4,12,15,3
2021-05-07,09:49:12,10:49:12,3,6,20,2
2022-07-23,14:48:49,15:48:49,3,11,12,3
2022-11-16,08:43:08,09:43:08,3,18,9,3
2024-01-19,20:45:20,21:45:20,1,15,12,4
2022-11-28,16:04:23,17:04:23,1,3,4,1
2024-07-13,19:09:20,20:09:20,2,17,10,1
2023-04-21,16:43:45,17:43:45,3,11,13,1
2022-11-02,10:27:12,11:27:12,5,3,19,4
2021-07-26,10:37:10,11:37:10,6,3,7,3
2023-04-10,19:09:44,20:09:44,7,16,2,3
2024-05-19,17:53:22,18:53:22,3,13,16,1
2022-12-25,09:56:46,10:56:46,2,15,18,3
2021-04-03,15:59:33,16:59:33,7,14,3,3
2022-09-29,10:34:28,11:34:28,7,12,3,2
2022-10-07,10:15:11,11:15:11,2,16,1,3
2021-11-12,09:32:06,10:32:06,4,16,6,5
2022-12-15,12:31:43,13:31:43,7,12,18,3
2021-08-16,16:18:26,17:18:26,2,6,11,2
2024-01-01,16:05:51,17:05:51,7,2,17,2
2021-06-20,09:58:46,10:58:46,3,17,5,4
2021-05-07,16:48:36,17:48:36,7,17,1,2
2023-10-01,13:55:44,14:55:44,3,20,17,5
2021-09-16,10:22:28,11:22:28,7,19,14,3
2024-11-04,12:11:16,13:11:16,7,8,2,4
2024-06-04,12:41:46,13:41:46,1,10,4,5
2022-10-10,11:49:49,12:49:49,7,2,15,5
2024-06-15,16:36:57,17:36:57,3,2,20,2
2022-10-11,08:11:29,09:11:29,2,14,19,2
2021-06-23,17:16:38,18:16:38,3,2,4,2
2021-12-28,13:23:05,14:23:05,2,6,3,5
2022-01-02,09:29:40,10:29:40,6,20,12,3
2021-04-26,19:46:05,20:46:05,7,18,4,3
2022-02-18,10:55:50,11:55:50,4,18,8,5
2021-05-21,17:04:19,18:04:19,4,15,6,2
2022-10-10,13:04:42,14:04:42,6,10,10,2
2022-10-17,16:35:27,17:35:27,4,16,17,2
2021-04-23,12:29:28,13:29:28,6,10,16,1
2024-06-03,16:26:50,17:26:50,1,11,13,5
2021-04-16,13:16:06,14:16:06,4,5,18,3
2023-03-02,11:09:56,12:09:56,6,17,4,2
2024-07-24,11:10:14,12:10:14,2,2,13,5
2023-01-21,19:21:41,20:21:41,3,9,18,2
2021-10-18,08:16:05,09:16:05,5,20,6,4
2021-04-12,14:26:20,15:26:20,6,11,11,1
2024-04-06,09:58:15,10:58:15,6,16,18,3
2024-09-07,12:15:28,13:15:28,4,15,3,5
2023-05-26,11:32:00,12:32:00,2,20,10,2
2023-09-28,13:14:05,14:14:05,2,11,5,1
2021-02-13,15:20:49,16:20:49,5,20,8,3
2024-09-23,17:35:26,18:35:26,2,3,13,5
2024-05-30,12:56:02,13:56:02,1,20,7,1
2024-01-15,15:32:20,16:32:20,3,7,2,4
2023-01-28,16:55:35,17:55:35,1,11,18,5
2021-03-29,10:10:53,11:10:53,5,5,18,5
2021-06-18,11:33:32,12:33:32,7,16,18,5
2021-11-22,13:31:46,14:31:46,3,10,18,5
2021-01-12,13:31:56,14:31:56,6,9,20,2
2023-09-25,11:26:57,12:26:57,5,8,20,1
2021-10-29,20:39:54,21:39:54,3,13,9,1
2024-07-29,13:27:26,14:27:26,5,11,17,2
2024-03-23,18:54:56,19:54:56,7,8,16,3
2022-08-05,16:32:29,17:32:29,4,1,10,5
2024-01-05,12:53:22,13:53:22,2,16,1,4
2023-06-15,19:00:46,20:00:46,7,3,13,4
2022-03-13,18:20:16,19:20:16,5,19,19,4
2023-06-13,11:07:27,12:07:27,3,19,8,5
2021-07-10,08:16:17,09:16:17,5,8,5,3
2023-08-18,16:28:46,17:28:46,6,7,5,4
2021-07-27,16:03:18,17:03:18,6,6,6,5
2021-02-23,09:51:58,10:51:58,4,8,18,4
2024-07-03,19:23:09,20:23:09,4,8,13,5
2023-12-08,13:30:59,14:30:59,4,4,16,3
2023-01-20,11:26:22,12:26:22,4,7,15,3
2021-07-10,10:42:31,11:42:31,5,2,14,5
2024-02-14,19:38:31,20:38:31,4,12,18,2
2022-12-16,08:48:43,09:48:43,5,3,15,1
2023-04-17,18:57:05,19:57:05,6,9,13,5
2022-12-17,10:29:28,11:29:28,1,7,10,2
2023-03-15,18:00:56,19:00:56,3,17,14,3
2022-02-11,20:45:18,21:45:18,4,14,10,1
2022-02-13,20:52:26,21:52:26,3,17,16,4
2021-11-09,14:45:40,15:45:40,7,7,12,2
2024-03-17,12:59:19,13:59:19,4,15,20,4
2023-10-02,16:02:53,17:02:53,5,9,14,5
2021-09-18,12:40:26,13:40:26,7,8,10,4
2023-08-26,10:55:39,11:55:39,6,16,7,4
2023-06-07,13:44:59,14:44:59,5,10,6,5
2024-02-13,08:17:29,09:17:29,3,4,11,4
2023-11-23,08:35:31,09:35:31,3,7,20,5
2022-05-28,19:10:57,20:10:57,6,13,14,3
2021-08-17,18:30:56,19:30:56,1,8,4,1
2021-07-15,15:48:14,16:48:14,7,9,3,3
2023-07-25,19:54:41,20:54:41,6,12,13,3
2023-03-07,10:00:50,11:00:50,1,14,6,5
2023-02-24,10:39:58,11:39:58,5,4,5,1
2024-06-13,18:36:53,19:36:53,4,18,13,4
2022-09-05,17:50:25,18:50:25,7,5,3,4
2022-09-04,18:02:02,19:02:02,3,16,7,2
2024-01-09,15:44:44,16:44:44,5,19,5,5
2023-08-31,14:26:35,15:26:35,2,12,2,1
2022-10-23,11:11:04,12:11:04,3,14,16,5
2023-08-30,10:12:40,11:12:40,7,6,12,4
2021-10-31,18:39:33,19:39:33,1,9,20,3
2023-03-11,10:50:36,11:50:36,2,5,20,4
2024-02-03,08:17:04,09:17:04,5,14,4,3
2024-10-26,13:31:18,14:31:18,2,14,3,4
2021-02-23,16:22:48,17:22:48,4,13,20,5
2023-05-30,19:02:26,20:02:26,3,8,6,5
2024-01-18,17:08:26,18:08:26,4,10,10,3
2023-07-30,13:01:54,14:01:54,3,8,18,2
2021-05-09,09:08:02,10:08:02,5,18,16,1
2021-03-20,11:25:23,12:25:23,6,10,8,1
2023-04-05,18:25:55,19:25:55,5,15,11,5
2024-05-02,08:06:48,09:06:48,2,1,5,1
2021-11-30,09:10:18,10:10:18,2,1,3,2
2021-04-11,11:01:20,12:01:20,1,16,7,5
2024-01-24,08:36:21,09:36:21,5,11,11,2
2024-09-08,12:32:46,13:32:46,4,2,1,1
2021-01-14,13:12:33,14:12:33,1,1,10,1
2024-10-29,15:30:25,16:30:25,2,17,6,4
2023-09-18,15:53:11,16:53:11,2,6,20,2
2022-10-15,12:59:34,13:59:34,7,12,7,4
2024-02-22,12:39:56,13:39:56,7,7,5,2
2024-07-04,09:05:50,10:05:50,4,19,11,1
2022-10-07,20:24:00,21:24:00,1,20,13,2
2023-11-15,20:55:45,21:55:45,3,11,15,5
2021-09-26,09:58:17,10:58:17,4,2,8,4
2024-09-15,08:25:30,09:25:30,1,12,17,4
2024-01-06,16:24:13,17:24:13,1,19,10,5
2022-03-17,14:36:36,15:36:36,1,8,10,4
2024-10-04,20:21:39,21:21:39,4,13,12,1
2023-11-16,12:04:21,13:04:21,2,5,1,3
2023-08-15,17:43:01,18:43:01,5,3,16,3
2020-12-07,19:20:45,20:20:45,2,3,12,2
2024-02-01,08:34:46,09:34:46,7,10,20,3
2022-03-29,13:33:15,14:33:15,7,7,17,3
2024-07-19,18:25:54,19:25:54,7,5,1,4
2020-11-23,08:37:14,09:37:14,4,16,17,2
2023-09-11,10:03:27,11:03:27,1,7,14,4
2022-06-11,15:15:38,16:15:38,3,7,1,2
2020-11-19,15:20:44,16:20:44,6,13,10,5
2020-11-30,13:43:18,14:43:18,6,12,3,1
2022-06-14,12:07:02,13:07:02,1,2,5,5
2021-07-29,17:49:17,18:49:17,3,10,6,5
2021-12-25,20:13:22,21:13:22,6,4,16,5
2022-06-19,14:21:35,15:21:35,6,10,14,1
2024-05-28,17:28:06,18:28:06,4,5,18,3
2022-05-12,17:41:39,18:41:39,2,19,17,5
2021-11-29,08:02:48,09:02:48,7,3,10,5
2021-12-04,16:14:27,17:14:27,1,1,5,2
2023-01-24,18:21:50,19:21:50,1,18,4,5
2022-08-27,09:41:05,10:41:05,3,15,9,4
2024-10-24,20:13:05,21:13:05,2,17,12,1
2024-09-29,19:40:56,20:40:56,4,16,6,1
2021-05-12,12:01:15,13:01:15,2,11,18,3
2023-08-26,15:15:13,16:15:13,1,10,20,1
2021-09-07,13:30:06,14:30:06,6,20,10,1
2024-02-14,20:48:32,21:48:32,6,2,9,4
2024-06-29,16:47:10,17:47:10,6,2,2,1
2022-01-12,09:24:20,10:24:20,2,11,14,4
2021-06-10,17:55:06,18:55:06,3,5,14,5
2024-02-11,14:32:11,15:32:11,4,18,9,3
2022-05-27,15:28:32,16:28:32,1,17,16,1
2021-08-30,20:36:38,21:36:38,1,4,16,3
2021-07-01,19:37:18,20:37:18,7,9,19,4
2023-03-25,17:30:37,18:30:37,7,12,5,2
2020-12-25,12:18:55,13:18:55,1,11,9,2
2020-12-02,13:42:03,14:42:03,5,6,14,3
2023-06-26,20:10:56,21:10:56,2,11,15,2
2022-01-29,20:23:00,21:23:00,3,14,18,4
2024-01-22,19:29:47,20:29:47,1,18,7,2
2024-07-11,14:08:19,15:08:19,1,6,8,1
2023-08-07,12:51:18,13:51:18,6,15,4,2
2024-03-30,12:13:05,13:13:05,5,1,9,1
2023-10-09,14:50:00,15:50:00,2,3,3,5
2022-06-07,11:06:21,12:06:21,1,3,19,4
2022-12-27,20:38:38,21:38:38,4,7,6,3
2021-02-24,11:57:48,12:57:48,6,11,16,3
2023-06-26,20:15:54,21:15:54,7,16,9,1
2022-05-26,12:23:49,13:23:49,2,12,18,2
2022-06-09,14:39:02,15:39:02,1,3,12,5
2021-07-15,13:00:54,14:00:54,5,17,20,3
2023-01-23,12:41:21,13:41:21,2,1,3,3
2023-06-14,13:46:53,14:46:53,4,4,1,4
2024-03-15,16:38:22,17:38:22,6,14,13,2
2021-05-27,14:01:28,15:01:28,1,8,19,1
2023-08-21,19:07:37,20:07:37,7,11,16,4
2024-03-24,20:58:21,21:58:21,2,4,13,5
2022-06-16,09:38:35,10:38:35,6,2,1,5
2023-02-25,10:52:14,11:52:14,2,2,3,5
2022-07-20,09:12:43,10:12:43,6,12,15,5
2023-04-07,12:51:52,13:51:52,6,15,11,5
2022-12-18,12:02:16,13:02:16,2,13,14,4
2021-06-09,19:02:50,20:02:50,2,8,12,1
2021-05-03,18:37:03,19:37:03,1,11,9,3
2022-11-25,10:53:49,11:53:49,4,7,15,1
2021-07-01,13:40:18,14:40:18,2,13,17,1
2021-05-06,14:36:08,15:36:08,1,8,4,2
2022-08-03,18:10:18,19:10:18,6,15,6,4
2024-05-18,15:08:04,16:08:04,1,1,8,4
2024-05-16,11:59:17,12:59:17,3,3,15,1
2024-09-17,12:59:51,13:59:51,2,3,14,4
2022-01-31,17:48:27,18:48:27,7,16,10,3
2022-04-13,20:19:18,21:19:18,1,2,13,1
2022-01-22,12:05:44,13:05:44,4,13,4,2
2022-12-10,16:14:07,17:14:07,5,13,12,5
2021-06-03,09:03:17,10:03:17,4,19,16,4
2021-11-21,20:07:18,21:07:18,7,18,15,1
2024-07-20,13:04:10,14:04:10,3,9,18,3
2024-10-23,12:09:07,13:09:07,5,13,8,3
2024-08-03,18:16:15,19:16:15,1,18,18,4
2022-03-07,17:57:07,18:57:07,7,15,11,5
2023-07-16,13:20:22,14:20:22,7,19,3,3
2022-10-15,09:09:58,10:09:58,3,9,3,5
2022-03-27,15:55:26,16:55:26,7,8,12,4
2020-12-31,14:49:55,15:49:55,7,9,7,5
2022-10-17,10:46:37,11:46:37,2,2,7,3
2021-11-04,13:19:00,14:19:00,3,14,6,2
2021-03-27,20:30:54,21:30:54,2,16,18,3
2024-01-13,12:53:17,13:53:17,6,2,2,3
2022-10-19,12:46:47,13:46:47,1,16,6,4
2022-07-04,19:27:52,20:27:52,7,12,4,5
2022-07-03,09:14:12,10:14:12,3,20,2,1
2023-04-26,11:00:27,12:00:27,1,13,3,3
2022-11-18,09:49:29,10:49:29,1,2,19,1
2023-12-06,19:30:29,20:30:29,1,16,17,2
2021-05-08,18:28:52,19:28:52,7,16,4,1
2022-06-13,20:52:05,21:52:05,2,6,7,1
2024-10-08,09:37:20,10:37:20,6,8,10,3
2022-05-27,20:31:59,21:31:59,7,17,10,5
2020-11-27,16:06:46,17:06:46,6,3,14,3
2021-08-27,14:31:47,15:31:47,6,16,14,5
2021-02-13,13:49:25,14:49:25,6,20,1,5
2024-05-01,09:48:59,10:48:59,6,10,17,3
2024-02-28,09:49:00,10:49:00,1,16,7,2
2022-08-16,10:15:07,11:15:07,5,6,5,3
2024-02-12,11:41:25,12:41:25,7,19,1,5
2024-01-07,14:19:31,15:19:31,7,14,14,1
2021-08-13,13:38:58,14:38:58,5,10,15,1
2021-05-22,20:49:42,21:49:42,4,13,18,1
2020-12-15,20:41:13,21:41:13,3,4,7,5
2022-10-18,11:56:01,12:56:01,3,9,19,1
2021-10-14,15:16:41,16:16:41,1,8,5,2
2022-03-06,15:37:45,16:37:45,1,11,6,1
2020-12-17,15:39:26,16:39:26,3,3,14,3
2024-02-15,17:22:35,18:22:35,7,14,17,2
2021-10-08,10:34:01,11:34:01,7,15,15,5
2023-10-02,13:02:35,14:02:35,4,9,7,3
2024-10-23,17:59:20,18:59:20,2,12,6,3
2021-02-18,16:54:28,17:54:28,2,2,2,5
2022-01-23,08:03:44,09:03:44,1,7,16,3
2021-05-02,13:11:02,14:11:02,3,2,8,3
2021-10-15,17:04:35,18:04:35,4,11,19,1
2023-03-12,08:22:59,09:22:59,5,14,2,2
2023-04-08,20:13:22,21:13:22,6,10,3,1
2024-05-14,20:32:08,21:32:08,5,16,16,3
2021-01-08,19:55:17,20:55:17,2,7,6,4
2023-07-04,08:45:22,09:45:22,2,19,20,2
2024-04-12,10:36:41,11:36:41,1,8,15,3
2024-03-07,16:09:27,17:09:27,2,2,5,3
2022-06-08,11:28:08,12:28:08,5,12,1,5
2023-07-13,12:51:08,13:51:08,2,1,19,5
2024-08-29,08:29:17,09:29:17,1,5,14,2
2020-12-01,14:31:47,15:31:47,6,9,14,3
2022-11-09,10:11:36,11:11:36,6,17,16,4
2022-11-22,19:13:40,20:13:40,4,16,6,1
2022-09-07,16:54:22,17:54:22,7,2,12,2
2021-04-25,19:08:26,20:08:26,4,19,5,3
2021-01-04,11:56:54,12:56:54,1,17,14,1
2022-11-19,13:33:44,14:33:44,6,13,14,5
2022-05-11,09:02:29,10:02:29,7,13,16,5
2021-10-21,08:45:50,09:45:50,4,9,1,1
2023-07-11,11:09:45,12:09:45,7,13,3,5
2023-04-05,19:58:42,20:58:42,4,19,4,5
2022-11-04,09:18:03,10:18:03,7,19,6,3
2021-11-29,08:00:14,09:00:14,2,6,16,5
2023-02-16,19:37:15,20:37:15,2,7,17,4
2022-07-24,18:51:31,19:51:31,2,11,3,2
2023-08-01,09:09:12,10:09:12,7,3,19,1
2021-10-20,18:21:31,19:21:31,2,9,17,4
2020-11-25,12:15:17,13:15:17,4,9,3,5
2024-03-04,18:40:34,19:40:34,1,8,5,4
2024-01-06,16:44:46,17:44:46,5,11,13,1
2022-10-15,09:50:45,10:50:45,3,19,16,5
2024-05-05,20:19:54,21:19:54,3,11,15,5
2022-03-12,08:31:41,09:31:41,5,17,16,1
2023-08-07,11:48:12,12:48:12,2,10,10,5
2024-01-31,19:25:45,20:25:45,1,13,14,3
2022-03-20,14:26:54,15:26:54,4,10,9,1
2021-06-24,16:39:57,17:39:57,6,15,4,1
2022-01-15,11:10:34,12:10:34,5,3,7,4
2023-06-17,13:57:13,14:57:13,4,14,4,2
2023-06-11,15:21:51,16:21:51,7,4,1,1
2021-01-18,17:33:53,18:33:53,7,12,14,2
2023-06-17,10:18:54,11:18:54,1,20,4,2
2023-01-11,19:08:08,20:08:08,4,13,13,1
2021-03-18,11:42:49,12:42:49,6,4,10,1
2023-02-03,10:48:46,11:48:46,4,8,20,3
2022-04-07,11:33:05,12:33:05,2,15,10,1
2024-08-17,16:35:44,17:35:44,2,9,1,5
2022-03-01,09:18:41,10:18:41,6,12,5,1
2024-03-30,09:21:37,10:21:37,1,8,18,2
2023-11-12,11:10:31,12:10:31,5,12,12,4
2022-12-28,15:57:20,16:57:20,2,16,17,3
2023-08-09,12:39:58,13:39:58,6,2,11,4
2022-07-04,11:36:49,12:36:49,7,2,3,2
2023-10-07,17:03:21,18:03:21,5,2,11,5
2024-09-11,10:37:28,11:37:28,2,18,12,2
2022-02-12,18:02:14,19:02:14,5,2,12,1
2022-09-27,11:51:36,12:51:36,1,14,13,3
2021-10-15,11:18:44,12:18:44,4,11,14,3
2023-05-26,08:57:10,09:57:10,2,16,1,5
2021-03-30,19:59:55,20:59:55,2,19,20,4
2022-03-11,14:51:57,15:51:57,1,5,3,5
2021-02-22,11:48:24,12:48:24,4,12,8,2
2021-09-11,12:23:23,13:23:23,5,2,4,2
2023-06-10,15:56:49,16:56:49,2,12,12,3
2024-02-01,11:40:14,12:40:14,4,8,15,3
2024-01-12,17:16:33,18:16:33,1,7,17,3
2022-03-21,13:14:35,14:14:35,4,3,14,4
2023-05-30,11:00:54,12:00:54,3,12,11,4
2024-01-22,19:01:59,20:01:59,4,13,8,1
2024-02-23,19:18:52,20:18:52,6,7,16,4
2023-01-07,16:29:51,17:29:51,1,5,7,1
2023-05-21,14:43:10,15:43:10,7,16,11,4
2022-05-27,14:13:05,15:13:05,1,7,6,1
2024-01-19,14:31:40,15:31:40,2,8,16,4
2022-11-01,20:55:02,21:55:02,6,15,16,2
2021-04-05,15:56:23,16:56:23,1,3,15,2
2022-08-31,13:40:07,14:40:07,5,7,1,2
2023-11-22,11:07:05,12:07:05,2,9,1,1
2023-05-29,20:49:51,21:49:51,3,4,7,3
2021-11-27,19:30:55,20:30:55,1,9,11,3
2023-01-23,08:12:40,09:12:40,1,1,18,4
2022-04-06,08:38:58,09:38:58,3,15,2,2
2023-02-09,18:24:26,19:24:26,5,6,17,1
2024-09-18,19:33:21,20:33:21,2,19,7,3
2021-01-02,13:58:03,14:58:03,6,9,18,3
2021-04-10,10:45:09,11:45:09,6,2,10,4
2024-03-07,10:04:55,11:04:55,1,10,3,4
2023-07-09,16:35:08,17:35:08,7,10,1,1
2021-02-16,15:58:13,16:58:13,7,6,19,4
2023-08-31,11:56:07,12:56:07,6,9,7,5
2021-05-29,10:32:38,11:32:38,1,12,15,2
2024-08-26,10:39:26,11:39:26,5,8,10,3
2021-03-30,15:33:36,16:33:36,7,19,2,5
2024-05-18,16:11:13,17:11:13,4,15,15,1
2022-03-22,08:08:40,09:08:40,3,17,5,1
