trainingid,clientid
1128,4
729,29
2225,51
687,32
1265,9
2082,2
585,21
2228,56
208,34
1839,15
1966,56
1999,4
629,27
1226,17
166,37
964,17
1302,12
2422,43
2441,56
1637,2
117,37
934,30
1617,23
1154,33
515,46
1827,18
994,17
330,37
927,27
1610,20
2424,8
1147,30
751,30
249,48
629,40
1804,7
1561,20
1024,44
1385,23
1519,23
1605,26
1302,25
127,58
2496,5
2275,6
1100,39
2294,19
2454,8
1595,18
1774,20
277,2
1617,36
2214,26
515,59
413,48
1010,38
196,50
834,41
2028,21
751,43
1989,29
929,49
868,39
1465,29
450,51
1625,18
670,54
1401,44
587,56
1822,37
366,57
1343,39
966,52
1678,29
1301,42
1480,44
2118,35
98,13
299,3
982,33
1901,37
1157,34
1176,47
940,36
1933,26
959,49
2491,24
396,57
473,11
2104,29
2263,22
475,57
609,57
2023,40
820,11
947,52
2479,27
2016,37
343,59
2060,43
1361,42
1977,45
2018,46
1319,45
639,57
1150,7
1833,37
1851,54
1111,52
1185,1
1909,32
1446,5
2189,49
967,7
507,22
1264,1
1828,43
708,12
405,11
1847,56
1585,56
385,32
1620,50
1661,51
238,19
2178,48
2219,49
2334,36
2353,49
116,29
2075,41
2490,54
1772,3
1469,2
118,38
2413,36
830,15
1835,59
1950,46
2390,52
1053,60
571,20
731,9
1347,12
1286,2
2425,46
928,28
2163,46
1062,28
28,37
826,17
1987,49
289,41
2281,1
944,9
985,10
1601,13
541,33
1897,11
936,10
2015,3
2378,55
1335,15
1772,16
316,36
2496,47
2429,57
476,25
696,28
393,27
1427,18
830,28
1628,8
1050,31
2445,1
351,30
2109,52
2288,54
2362,3
2112,57
890,15
1145,39
909,28
2103,8
110,52
848,18
589,23
1601,26
1205,26
1540,16
2137,6
2283,60
2274,11
2475,1
2098,14
2213,1
2433,4
1216,40
2477,47
2091,11
520,44
635,31
1232,21
593,34
1966,16
2313,60
1809,32
1487,18
31,1
2303,15
2463,4
1422,37
2201,4
2086,17
608,49
186,60
346,49
1061,31
1498,32
87,54
1121,45
2497,2
2037,17
999,55
1181,32
2375,12
1912,22
2113,12
258,57
82,60
376,49
752,40
755,45
1505,48
149,6
672,47
1866,27
1227,40
2421,20
1287,54
24,11
588,53
2398,36
183,4
1785,38
799,7
2101,15
246,60
278,12
1484,46
1558,32
61,14
2155,22
479,2
1998,38
1375,59
1139,48
1493,51
954,2
1652,44
1308,5
12,14
669,18
493,58
873,50
2328,34
327,25
65,25
486,18
1344,49
384,7
1041,11
783,12
1861,46
1340,51
354,20
1474,51
1997,55
574,23
1768,3
935,2
558,15
995,16
733,16
1289,5
1476,60
2469,50
768,10
1250,13
1645,54
90,31
1284,11
444,34
1724,54
1839,4
227,36
1944,57
562,26
1883,47
1379,19
740,32
2438,40
1235,11
839,11
421,23
1716,55
497,18
1094,8
1154,22
2274,53
2348,2
1837,52
1228,8
455,21
1575,52
97,47
1272,14
1566,3
927,16
550,29
1147,19
710,18
467,31
71,31
1284,24
1600,1
1108,27
1242,27
2362,58
2301,48
763,29
185,52
1401,20
1781,12
284,31
303,44
1082,11
344,45
41,44
638,34
242,34
25,36
1857,7
816,40
379,39
2473,10
1196,32
1311,19
1397,22
1512,9
1994,12
1020,35
1598,12
1135,22
1492,30
1230,30
2289,51
374,45
30,6
2104,5
511,50
2260,23
1979,10
1184,35
1781,25
702,32
1982,15
1404,38
2116,15
22,7
1503,17
1637,17
1697,31
1681,23
2195,15
1993,29
18,9
697,38
1096,43
2290,23
397,42
374,58
448,7
415,59
709,48
2407,19
970,52
1526,41
188,53
1979,23
1583,23
2180,13
366,59
1605,41
998,43
1480,46
1521,47
1796,23
1218,46
2016,26
445,59
1396,52
554,2
2009,23
75,4
176,56
993,49
514,51
2171,21
390,15
1947,47
692,57
389,56
810,49
842,1
1081,54
685,54
1282,44
382,16
1502,47
1317,1
899,13
1234,3
764,54
1495,44
796,6
1935,50
2251,27
336,21
2471,30
294,24
1414,55
1733,37
67,18
1347,1
2486,45
1668,56
226,11
465,27
625,16
1263,7
1441,50
1840,55
2261,48
1039,6
2178,50
777,6
1613,12
1217,12
1874,53
537,24
2254,45
1175,15
275,24
2413,38
1513,10
906,12
1649,56
2205,45
2425,48
1244,7
1601,15
439,24
122,51
282,40
1198,12
1795,2
1332,12
2149,5
1638,18
1175,28
1932,7
2033,59
495,40
1637,59
1050,33
654,33
277,46
1746,2
612,36
1529,4
18,51
689,27
1170,34
707,44
471,33
11,48
1003,42
189,54
1517,34
1616,13
1635,26
2359,57
821,38
224,48
1619,18
1638,31
779,41
1376,31
737,44
319,56
38,43
2292,3
1695,13
1075,39
2396,60
1391,16
1809,34
1068,36
2347,60
1246,42
1406,31
346,51
43,13
128,57
2315,27
422,46
904,49
1877,30
1459,42
1500,43
1775,19
1398,32
2155,11
2289,11
80,16
1315,34
1334,47
938,47
1474,27
373,9
299,60
1190,39
1988,19
2093,35
1193,44
1394,34
293,16
931,44
771,55
991,58
1588,48
1352,37
2345,27
547,54
285,17
49,6
1523,40
1960,41
67,60
1743,43
1063,55
1861,35
961,44
1995,35
2215,38
878,9
179,8
373,22
1493,53
1257,42
2055,22
1914,46
618,55
1812,35
1416,35
1872,49
359,60
870,10
1949,40
1687,40
1613,54
1865,46
946,5
1125,7
2360,25
662,17
2184,28
646,9
26,35
141,22
1481,56
958,15
722,4
2298,49
942,7
1379,8
345,17
1978,44
1560,56
159,12
197,38
1499,46
2492,36
1036,56
136,28
2032,51
1509,10
1636,51
37,22
171,22
1250,15
2370,46
988,15
611,28
1731,59
2309,36
927,5
1543,8
1166,21
352,33
907,26
562,28
1159,18
1682,59
386,31
83,30
2397,41
1337,24
2020,54
1497,13
1219,5
1716,57
1876,9
1614,9
2255,42
139,46
2348,4
1534,16
1253,3
1869,6
212,36
854,28
1607,6
14,51
215,41
435,44
1233,24
1527,13
1728,3
1105,24
668,23
1022,26
268,52
543,28
648,44
326,30
1401,22
1024,35
702,21
1982,4
2001,17
941,37
705,26
622,28
663,29
998,19
2297,52
1815,12
43,55
1892,3
895,42
17,39
1211,19
2424,12
2188,1
952,24
1945,14
1986,15
2030,58
492,39
712,42
1906,22
2021,9
846,42
568,34
427,58
1963,4
1343,30
503,53
2294,23
286,55
2454,12
420,55
602,32
1199,22
1304,38
982,24
1020,50
1933,17
2153,20
1671,17
978,53
582,53
1278,22
237,55
2491,15
2331,26
1035,35
438,45
135,7
591,58
1692,39
2449,18
792,48
1214,37
2366,20
2407,21
693,42
868,43
1047,45
609,48
347,48
2183,20
2339,8
947,43
2099,26
1901,41
385,10
560,48
1042,51
2236,31
2396,20
1639,41
142,60
1757,33
783,56
595,5
1555,47
1632,38
553,8
732,10
1069,46
1270,36
1669,41
1407,41
2486,34
1608,31
2023,44
1742,31
1761,44
1962,34
988,57
2402,40
2300,29
1661,42
2258,32
1680,55
1779,34
595,18
1555,60
1976,53
1150,11
2034,31
1893,55
1571,4
2388,34
1634,60
789,5
1909,36
1312,9
211,28
715,19
1136,49
2170,40
1826,1
1627,57
1668,58
1145,17
2444,50
1962,47
2163,37
1349,49
803,24
2038,42
1821,44
1735,4
678,29
1897,2
1957,53
2031,2
534,21
1740,55
2254,47
2212,50
252,42
1149,1
1369,4
791,27
906,14
2026,45
928,32
1043,19
2207,56
1802,7
828,30
761,40
1540,7
282,42
1498,10
221,32
837,35
1019,12
2318,45
2378,59
358,37
1533,4
2116,59
96,37
2235,10
402,43
300,32
453,45
217,34
1829,2
1452,15
175,37
510,27
1547,23
1707,12
2345,3
1885,18
2482,8
1403,15
2105,58
429,38
1387,7
1205,30
2440,11
1540,20
901,33
1383,36
642,38
1619,20
2216,10
619,54
2391,11
2477,51
2174,13
517,43
1117,38
1075,41
2007,21
596,43
1771,10
174,54
1991,13
774,49
2083,16
1505,39
295,51
809,43
1246,44
1942,13
2076,13
706,36
2296,16
1121,49
904,51
1060,39
2340,22
1877,32
2197,10
1880,37
1995,24
498,6
919,36
341,59
542,49
1139,39
2132,29
1056,41
1713,45
417,54
54,2
1771,23
711,6
857,60
535,46
991,60
31,18
452,11
2169,32
234,54
1824,34
1227,44
2245,27
882,9
1188,52
269,11
1877,45
1137,6
2256,41
1356,50
616,11
220,11
1213,1
239,24
951,1
1097,55
1694,45
835,55
1518,48
692,6
1652,48
232,21
1352,52
452,24
1613,56
768,1
2485,22
914,55
2108,35
570,16
2127,48
1571,59
643,6
1849,40
990,50
866,14
958,17
1085,58
1159,7
2062,40
2218,28
1640,51
1076,9
1296,12
1120,15
2157,48
2358,38
775,17
1939,54
2073,54
851,12
273,35
1448,2
694,28
1511,58
1712,48
1189,7
113,19
1587,53
888,15
2445,47
1922,6
1545,56
1663,11
166,30
1226,10
386,33
1781,3
344,36
1538,16
1101,15
481,41
797,18
2399,52
816,31
580,20
2297,41
222,46
337,33
1094,12
1314,15
1575,56
1929,59
633,31
994,10
71,35
668,25
1747,18
1466,5
2008,59
645,41
610,20
1823,13
2461,4
2199,4
807,39
941,39
2243,47
1436,18
1697,22
286,44
781,23
800,36
222,59
496,39
2373,12
2290,14
2491,4
1591,13
2408,6
1967,4
1012,40
2292,60
290,55
207,57
64,8
1803,17
1519,29
1343,32
704,45
24,57
2479,7
841,50
2415,22
1933,19
235,11
1993,33
1294,32
499,57
614,44
278,58
61,60
195,60
1153,29
776,42
1373,32
2206,33
1768,36
954,48
255,47
1468,40
1206,40
347,50
2023,33
1049,56
947,45
1981,36
162,4
1199,37
1796,27
2319,31
299,9
1023,40
899,4
241,4
177,19
1338,51
2331,41
2251,18
1329,2
993,53
1111,45
1593,48
371,6
150,7
2263,28
1053,40
1490,41
1509,54
1187,3
1825,31
287,12
667,4
2425,26
2122,25
382,20
1106,51
1763,55
844,51
921,5
2261,39
1402,49
461,20
39,31
636,21
1456,56
1676,59
13,15
1271,10
1835,52
233,18
1969,52
632,23
370,23
2087,44
1691,44
731,2
1085,5
1365,59
430,10
1643,3
146,22
1180,13
784,13
761,29
1444,59
1559,9
81,41
263,18
1342,11
122,42
636,34
537,28
1133,22
233,31
1210,13
351,23
134,25
1388,19
529,29
730,19
890,8
2447,40
289,47
2121,55
1422,17
522,26
608,29
346,29
2063,50
1897,17
1501,17
2494,7
1038,27
1635,17
620,39
1896,58
955,29
1619,9
1772,22
957,38
1513,27
2311,7
1410,20
133,42
2488,54
532,47
2144,15
2405,56
2303,8
2000,7
2086,10
170,45
1323,24
189,58
1801,26
464,34
1584,28
441,50
1399,19
2037,10
1619,22
399,53
182,55
619,56
2375,5
1711,25
300,47
2113,5
38,47
79,48
1714,30
1889,31
1075,43
612,53
1713,34
1410,33
1991,15
688,48
2386,19
1646,17
1687,18
873,30
295,53
1604,20
470,54
1026,43
1227,33
2306,26
253,56
1960,32
1060,41
1261,31
2414,10
1775,23
2372,13
1599,26
2196,16
718,48
1797,41
2416,19
1516,28
1998,31
19,10
280,51
762,54
271,2
1873,36
2055,13
2074,26
1215,36
2208,26
711,8
2032,29
308,5
1428,36
850,59
2443,14
2044,39
1782,39
1009,52
1083,1
68,23
665,13
747,52
563,2
1000,3
2161,35
783,5
824,6
2059,24
2078,37
2164,40
1618,52
2020,32
1442,55
220,13
2374,35
951,3
963,57
2377,40
472,5
2074,39
34,8
1655,55
1789,55
1131,55
768,3
988,6
1511,47
2268,26
1645,47
1208,9
745,19
569,22
2267,30
1763,2
151,34
729,11
2465,45
866,16
1724,47
1462,47
125,18
2499,43
699,24
740,25
1851,7
1238,9
178,29
117,19
414,13
2172,35
634,16
2031,59
1272,7
1533,48
1913,40
333,24
2327,57
1747,7
48,40
1443,10
964,12
1561,2
1781,5
1478,4
1519,5
2457,59
261,40
2380,41
2399,54
219,43
117,32
1920,56
1397,15
698,14
2128,5
340,40
1052,17
876,20
895,33
2089,13
55,56
397,22
330,32
215,45
994,12
435,48
1725,2
2248,6
1769,8
2209,51
29,40
1223,20
268,56
2107,3
964,25
1621,29
124,48
1896,5
108,40
1637,10
1059,33
2211,16
318,35
2498,9
739,28
1077,23
614,33
1693,26
853,49
751,38
1549,18
1153,18
1012,42
594,54
198,54
1708,11
1887,13
1465,24
290,57
469,59
188,46
1845,16
986,26
1024,52
628,52
1225,42
788,41
2419,22
1921,11
2100,13
66,56
401,46
2058,16
2176,8
40,3
1514,37
2312,17
1389,42
1590,32
1172,44
253,3
1609,45
313,54
1111,34
533,57
170,5
1331,37
1465,37
1685,40
1449,29
2046,19
683,1
287,1
2486,25
223,16
350,57
47,19
79,8
165,11
560,52
1157,42
2277,36
1875,29
1657,35
690,17
454,6
1331,50
1532,40
1733,30
169,22
2464,20
1867,30
1886,43
1650,32
1710,46
172,27
1030,58
634,58
111,17
2425,28
1365,48
551,60
28,19
1745,40
248,22
1946,30
1240,53
2038,33
238,14
585,58
1141,10
1361,50
180,9
39,33
1319,53
1434,3
1478,46
1497,59
2231,54
1950,41
1867,43
351,12
111,30
312,20
1869,52
2163,41
2204,42
1349,53
1643,5
1904,46
944,4
1441,56
1964,60
541,28
2325,39
1141,23
180,22
243,41
358,28
1679,49
1175,21
1335,10
1772,11
1073,10
2473,58
16,35
654,26
1034,18
832,32
1286,10
513,23
1547,14
1707,3
2290,58
1927,6
2405,45
2019,9
145,41
828,34
1540,11
2063,52
1559,24
1163,24
2283,55
189,47
2223,4
1383,27
1281,16
818,26
2012,6
1239,19
1836,9
661,42
243,54
383,34
1973,14
2496,55
517,34
1274,13
1695,6
2192,58
654,39
1251,29
2371,60
258,39
98,50
2176,50
2007,12
18,57
1193,24
513,36
554,37
1285,27
1665,19
1706,20
825,42
608,44
387,45
1562,12
1144,24
2379,5
1961,17
786,50
1699,17
2382,10
466,45
600,45
1954,14
2155,4
517,47
635,39
1292,43
1672,35
679,45
1033,48
2227,28
1569,28
2166,18
774,53
209,52
107,4
1387,24
1447,38
2044,28
588,48
1028,54
68,12
288,52
329,53
843,45
204,58
801,48
584,50
1819,31
1241,54
456,13
1576,44
220,2
1675,23
2272,13
753,7
155,58
2013,18
1789,44
1049,5
1310,46
1846,26
2085,42
1849,31
1271,54
968,53
445,12
706,53
2404,24
530,56
2120,36
102,23
1222,54
1423,44
437,13
2039,47
2240,37
944,46
354,15
2492,29
296,10
516,13
53,23
1770,44
1856,47
1553,46
37,15
2210,50
1670,42
2286,45
1326,3
2487,35
990,54
1606,57
1941,47
824,21
1360,1
724,19
2355,37
1362,47
242,16
756,8
1439,1
379,21
1499,52
775,21
934,14
2114,59
2012,48
1754,49
1272,9
1795,50
2411,53
2149,53
1670,55
2327,59
971,17
71,26
1788,10
728,30
1545,60
2142,50
2228,53
610,11
1025,24
1226,14
1024,28
1580,17
105,24
1698,9
1815,5
2214,10
1052,19
675,32
716,33
1211,12
952,17
1549,7
71,39
2292,51
1191,33
293,51
124,50
1896,7
1899,12
765,46
283,43
2421,57
401,35
1595,15
1681,18
621,38
1815,18
1419,18
598,54
1355,33
2051,2
52,2
776,33
2305,3
1727,26
827,35
1350,39
651,38
1382,28
2065,21
306,3
3,2
1123,33
545,56
727,33
283,56
2141,16
107,59
2099,19
1579,20
882,55
2217,11
2035,34
780,44
1859,37
959,46
2175,14
2354,16
898,36
2293,6
2050,19
1632,31
1692,45
773,41
1370,31
2490,25
1676,37
179,56
1194,34
795,59
951,47
533,59
1749,27
1708,26
1867,19
1053,31
2106,35
1921,26
2122,16
2460,11
1243,47
257,16
384,57
1578,37
477,19
2175,27
2194,40
678,9
2395,30
158,10
336,16
1353,40
1835,43
1752,45
766,14
2288,25
969,50
2048,43
1046,4
1441,45
2239,25
1064,58
2459,28
761,20
2376,30
1402,53
1737,43
1393,4
2353,46
23,27
1654,45
620,17
317,16
518,6
2075,38
798,60
1689,2
2413,33
434,12
2036,46
453,25
2432,46
2151,33
814,4
252,35
1647,5
1490,58
2246,41
446,22
1349,55
886,28
1128,56
1643,7
1087,18
1381,7
985,7
1862,51
761,33
1600,51
1559,13
860,12
502,38
2334,46
1938,46
1124,58
802,7
1332,7
1156,10
2477,31
1973,3
1670,2
1274,2
1133,26
1293,15
118,48
2151,46
2192,47
57,38
392,28
2269,1
376,20
2329,52
1193,13
2186,3
909,25
2029,56
1244,15
908,29
1068,18
1665,8
2061,8
2281,11
1186,10
1425,26
943,23
84,33
681,23
2223,6
189,49
786,39
304,36
2181,9
524,39
2235,16
1954,3
316,46
517,36
1200,29
140,49
98,52
874,44
2176,52
2396,55
376,33
973,23
1630,27
615,49
174,47
2428,7
1327,26
1193,26
1729,6
991,40
688,39
2009,60
908,42
75,41
295,44
1926,25
2220,14
1387,13
1581,27
1900,9
945,45
119,3
246,44
1877,25
223,60
695,55
1292,45
519,58
1410,37
73,8
752,37
628,1
1949,22
378,55
190,4
732,58
892,47
1926,38
2067,14
2462,18
1785,35
725,55
799,4
2497,12
1900,22
1683,24
2340,28
1280,48
447,47
144,9
1178,37
2298,31
842,51
281,14
239,17
1493,48
137,6
1914,41
711,12
213,1
1613,49
190,17
914,48
1511,38
2108,28
570,9
2268,17
234,60
1166,3
789,53
882,15
1344,46
141,17
479,12
680,2
1203,43
1640,44
1819,46
1557,46
261,18
817,7
1937,38
641,10
2272,28
398,23
2013,33
1550,6
1837,36
851,5
2328,44
710,2
569,26
1689,57
333,15
247,12
2487,37
1925,41
1839,1
409,10
185,36
964,3
2084,34
983,16
1420,54
1860,60
1027,59
1624,49
201,17
127,31
1978,52
2138,41
1716,52
599,26
222,39
337,26
934,16
1154,19
1837,49
298,34
1316,54
2133,47
2047,7
492,21
425,31
2302,4
1242,24
2320,58
1487,57
2042,50
1436,11
2220,56
1857,4
1554,3
1815,7
1237,30
1920,60
1994,9
1020,32
339,48
1412,4
1954,58
1811,9
154,39
1408,33
594,45
2292,53
313,32
1325,35
2030,53
2500,2
2209,55
115,47
929,35
1887,4
887,38
610,26
367,39
2065,10
1602,20
1803,10
2202,15
765,48
1081,25
704,38
1815,20
2498,13
2497,54
2280,56
2488,5
1278,17
614,37
1211,27
1792,9
1054,43
1692,34
94,1
952,32
1389,33
1810,26
1970,15
332,58
1708,15
2088,7
1625,17
2148,21
2222,7
670,53
1267,43
2266,13
347,43
2419,26
130,45
746,48
264,8
947,38
47,10
88,48
1461,30
1125,44
560,43
1840,26
257,5
2277,27
1176,46
2060,29
1757,28
301,48
1380,41
1076,44
1370,33
33,4
597,46
1153,35
2187,26
211,10
1532,31
472,51
1155,44
1666,31
2349,24
1685,44
169,13
2247,13
1206,46
172,18
683,5
1467,50
2224,29
1250,52
1384,52
1167,54
1483,31
1065,43
1441,34
863,57
2038,24
1821,26
780,59
1463,52
1201,52
1958,31
2117,24
2034,26
900,60
1456,49
597,59
1152,52
1969,45
2170,35
1155,57
1953,37
893,57
370,16
153,18
1911,40
1930,53
488,8
111,21
1231,52
928,14
1786,45
1409,58
1046,6
146,15
5,39
1441,47
1964,51
1224,49
1476,4
1938,35
1957,48
1520,47
974,22
2094,53
275,21
715,27
673,30
2329,41
791,22
1228,60
1985,2
2406,32
1432,55
513,14
1524,58
8,27
1684,10
1119,9
1820,56
1980,45
2040,59
106,40
1300,20
2158,51
1721,50
2359,41
358,32
619,36
2295,56
913,25
2234,46
1232,7
2412,52
392,30
1889,11
2269,3
1966,2
992,25
529,35
2332,59
193,49
2010,8
790,39
311,41
867,30
94,43
209,30
2389,41
1403,10
388,32
314,46
186,46
1878,10
1019,20
2180,52
1038,33
1459,26
1178,13
600,36
760,25
820,39
1417,29
2234,59
140,51
1838,59
1098,20
1714,23
695,44
1493,24
1234,29
931,28
177,54
688,41
471,43
2347,57
1246,39
1447,29
1562,16
547,38
1188,34
1121,44
1060,34
2139,27
45,56
1542,37
204,49
1995,19
1021,42
919,31
1535,34
1359,37
2291,17
2074,19
1611,29
752,39
857,55
494,3
158,54
889,44
445,3
2238,19
58,8
2439,9
60,17
616,6
2314,14
762,60
2173,38
1139,47
1895,30
995,2
1853,33
2013,22
53,14
736,7
1613,51
190,19
410,22
1846,30
1428,42
872,53
528,14
266,14
486,17
2203,38
1545,38
1765,41
1159,2
144,24
1286,43
1682,43
1659,59
1222,58
523,20
1037,12
1560,53
641,12
2,25
1196,5
1256,56
953,18
1636,48
120,17
2172,28
854,12
1948,54
592,12
129,22
930,7
467,17
1031,59
527,31
2244,52
444,33
1839,3
2448,47
1548,56
367,15
1318,8
1624,51
756,12
1238,15
420,26
1196,18
1237,19
2316,49
337,28
1323,59
1760,60
953,31
2214,1
717,20
279,23
793,15
397,15
594,34
1191,24
1829,52
1309,16
249,36
2040,6
1570,57
1066,29
1823,8
207,39
1024,32
1646,52
2243,42
1321,26
66,36
1656,16
1480,19
43,52
1378,8
538,31
1515,13
1817,55
2373,7
1776,17
298,49
80,55
355,31
1549,11
374,44
2187,2
594,47
2366,4
1191,37
131,57
1727,17
753,40
73,52
2241,9
785,29
1005,32
325,44
107,50
1984,60
924,43
2479,2
640,55
739,34
362,47
2354,7
301,37
1380,30
58,50
311,1
195,55
314,6
2072,28
1153,24
1750,14
93,7
1331,30
753,53
1069,30
1248,32
169,2
769,34
2486,18
829,48
1183,51
644,2
1282,30
1301,43
2080,10
1240,33
123,7
2236,28
2277,29
563,50
1278,32
2011,31
514,50
1634,44
211,12
338,53
558,56
370,5
2087,26
2106,39
306,20
1467,52
1627,41
130,60
1847,44
928,3
947,53
1349,33
2383,24
644,15
803,8
123,20
761,11
1463,54
1201,54
2376,21
442,2
180,2
39,26
722,56
680,59
1277,49
377,21
1015,49
2075,29
671,10
2410,19
1992,31
2193,21
1238,57
2151,24
1155,59
2087,39
1691,39
571,8
153,20
1231,54
2029,34
50,13
2383,37
2006,50
1527,52
541,21
1224,51
20,26
636,29
1300,9
601,8
1721,39
2378,43
2429,45
13,23
1092,16
2432,50
1513,9
2211,51
948,8
1512,50
1691,52
1168,11
772,11
906,11
1126,14
1212,17
1607,58
1285,7
2405,38
1591,50
1087,22
407,34
522,21
2105,42
2165,56
305,23
943,14
1760,7
684,19
2200,50
1897,12
1979,51
1753,4
22,48
2336,59
1510,17
1797,10
300,29
897,19
2454,51
319,42
1554,60
1714,12
18,50
133,37
2488,49
573,43
1285,20
1927,12
889,20
1007,12
2086,5
1364,20
786,43
2079,2
1542,26
265,48
1178,15
2216,7
1357,17
779,40
1577,20
1695,12
1736,13
82,48
1988,5
1771,7
752,28
1831,21
1569,21
2166,11
755,33
889,33
908,46
672,35
2201,5
1067,39
2044,21
473,54
748,30
170,53
968,33
1102,33
2181,26
1785,26
945,49
1542,39
1044,28
903,52
1660,31
2257,21
204,51
1484,34
1819,24
415,5
1736,26
1359,39
299,59
2157,19
156,10
720,52
577,3
618,41
155,51
274,2
857,57
576,44
2150,16
1572,39
2284,16
1310,39
965,41
1782,34
1606,37
2363,16
1344,37
1504,26
1363,50
967,50
7,8
1784,43
2455,19
1264,44
19,18
1541,29
2055,21
2096,22
1036,42
618,54
1416,34
1435,47
2073,38
576,57
650,6
956,49
1754,29
1351,53
14,24
652,52
1951,48
90,19
1564,53
1168,53
543,1
284,6
143,30
2256,51
2438,28
1726,51
1423,50
1777,53
421,11
159,11
1735,56
219,25
1936,46
2434,30
2172,30
936,53
1451,4
2133,38
2152,51
569,30
2468,28
1105,10
1089,2
1622,7
2320,49
1841,51
2262,44
724,25
1739,3
1783,46
1320,56
420,28
2137,49
117,27
203,30
1237,21
640,31
2098,57
279,25
633,28
793,17
1827,8
1013,20
1450,21
1233,23
1086,10
508,33
594,36
2228,59
230,25
2007,60
941,36
705,25
2262,57
2422,46
1522,18
462,38
1678,6
1783,59
2380,49
1898,9
420,41
982,10
1135,23
739,23
2296,55
1556,16
656,25
1313,29
1077,18
1297,21
1775,60
397,30
2289,52
773,21
1967,1
2449,4
374,46
1708,6
2282,12
1583,11
12,44
2199,14
1822,27
1921,6
1940,19
267,41
1461,21
1084,34
621,44
662,45
841,47
2236,17
1176,37
940,26
2414,60
917,42
2111,22
1278,21
1297,34
639,34
2430,4
1609,40
607,1
1289,35
274,57
1053,24
986,34
1650,14
1669,27
769,36
810,37
433,50
1586,29
1030,40
2339,7
1780,43
863,48
1463,43
1974,30
2261,23
1958,22
1696,22
595,4
199,4
116,6
639,47
2270,28
176,57
1194,40
798,40
1574,32
674,4
51,25
431,17
1028,7
1069,45
893,48
1886,38
1113,51
2106,41
667,1
1828,33
372,53
2048,36
1946,25
1805,49
2402,39
905,58
1722,51
1240,48
321,7
426,60
324,12
847,53
2478,34
1099,8
1057,48
881,51
1478,41
1851,57
1615,46
2212,36
849,18
1372,59
1446,8
35,30
2036,39
1531,52
309,10
1231,56
1305,5
1767,36
1349,48
1524,49
605,8
784,10
1422,1
2124,44
1559,6
659,15
2417,37
1476,8
617,18
2260,53
518,12
377,36
1156,3
2253,50
118,41
453,31
217,20
673,34
1452,1
2390,55
133,26
1170,22
2364,39
848,8
707,32
1591,52
691,24
806,11
2105,44
1163,19
1498,9
2021,50
106,44
1979,53
22,50
297,26
1503,60
1577,9
1637,60
1274,8
1133,32
2454,53
1190,14
612,37
1107,16
2313,50
1212,32
174,40
2405,53
1371,25
908,35
1505,25
1968,15
295,37
1489,17
1026,27
1227,17
167,37
2440,10
1562,7
2223,12
642,37
265,50
466,40
1500,31
1216,43
1558,9
737,45
341,45
79,45
2333,5
1359,28
877,25
2250,7
216,50
1410,30
1174,19
596,42
1812,10
174,53
535,32
31,4
595,46
1748,25
1949,15
94,60
873,27
1926,31
1645,18
1345,22
371,45
2162,15
1584,38
2203,16
1028,49
288,47
926,38
945,51
1743,31
2059,8
1660,33
1264,33
686,56
1398,33
1021,46
2256,27
162,56
1717,15
1257,30
1854,20
535,45
1990,29
713,51
368,53
2025,23
1386,36
849,60
68,20
747,49
2404,19
1363,52
1960,42
1127,41
227,13
1784,45
361,13
823,44
1902,37
842,57
1484,49
1062,60
262,7
363,59
564,49
1037,3
1499,34
995,6
1416,36
912,8
953,9
592,3
2108,34
2149,35
1846,34
113,5
2152,40
132,18
151,31
2184,29
1826,55
1108,4
645,14
342,13
1347,57
1286,47
1305,60
647,60
303,21
1423,52
2020,42
1161,52
1758,42
44,26
756,3
797,4
1103,47
2431,27
1853,50
934,9
516,21
1534,4
78,24
1668,4
372,13
1115,57
853,20
531,6
1274,50
1830,2
1890,53
1105,12
29,24
2068,59
1746,45
208,26
1705,7
626,14
1006,6
1548,60
2084,40
1707,53
1318,12
1404,15
941,25
504,24
1783,48
1917,48
1818,5
2315,57
1515,4
455,24
656,14
78,37
1112,28
675,27
1272,17
1693,10
1827,10
2047,13
911,11
2308,54
1172,15
1191,28
492,27
2123,8
1727,8
249,40
846,30
1207,9
73,43
2368,41
1248,10
785,20
293,46
2304,56
485,24
1739,18
1503,7
880,28
2077,13
184,32
781,22
1304,26
244,46
1942,54
161,48
381,51
2280,49
1757,8
1776,21
1093,28
1910,21
1693,23
1734,24
2372,52
1035,23
1833,3
556,25
1408,39
575,38
1609,29
2366,8
795,41
734,31
1331,21
2107,13
871,36
1164,29
1384,32
1081,31
685,31
2275,11
1065,23
1579,15
2396,8
1377,29
2497,60
403,52
2175,9
1179,44
2092,11
958,45
1095,50
1456,29
396,49
1708,21
211,3
1171,45
431,6
1867,14
2349,17
1688,42
829,52
903,1
1805,38
1240,37
1326,40
2143,33
123,11
720,1
1821,19
1444,32
40,13
241,3
342,55
1696,24
1319,37
2353,28
1338,50
2490,33
2053,32
597,52
2273,35
275,1
1414,45
555,55
472,57
172,24
810,52
414,52
1668,46
1365,45
1451,48
1148,47
248,19
1946,27
927,48
449,9
1904,30
407,12
1441,40
2124,33
541,12
1661,43
2258,33
847,55
1600,33
544,17
617,7
2136,43
2337,33
2471,33
2276,23
1851,59
756,58
1311,51
1430,2
590,25
2348,47
1607,49
2207,44
187,22
1684,3
1904,43
27,33
407,25
1348,54
2344,49
869,56
1485,59
2082,49
1600,46
1122,7
1223,59
2401,31
240,33
837,23
205,12
996,16
2477,26
517,18
1596,11
1334,11
916,23
1513,13
2151,41
1975,44
175,25
510,15
1589,8
596,18
1212,21
931,8
2466,52
251,20
2424,55
27,46
1205,18
2165,60
406,42
1323,10
1961,1
1584,14
288,23
885,13
163,28
760,18
2116,60
897,23
1870,4
1975,57
1787,6
1630,22
2227,12
2051,52
1170,37
2472,45
774,37
311,47
1352,14
1949,4
2229,58
1926,20
429,39
984,32
1961,14
304,44
987,37
45,49
1197,32
2155,1
695,50
1653,19
2291,10
1914,23
1014,32
618,32
1033,45
1371,40
815,51
2169,20
672,39
2284,7
1706,30
1007,29
933,43
33,52
1067,43
1926,33
1824,22
2044,25
473,58
2226,2
2446,5
2379,15
1271,38
1766,17
706,37
2203,18
202,9
463,50
2321,10
1858,20
1877,33
2059,10
2238,12
58,1
2164,26
2081,28
1800,15
1222,38
1998,30
1557,28
456,10
743,40
1937,20
2157,23
398,5
1633,23
1812,25
678,59
2013,15
838,48
375,58
637,58
576,48
241,58
1971,18
493,50
2462,26
528,7
1271,51
1169,40
1842,25
1701,49
1145,60
823,46
1484,51
1934,28
1254,3
784,54
1381,44
2492,26
439,56
2316,29
659,59
1738,52
1256,49
120,10
1154,1
1837,31
694,16
372,2
129,15
1175,60
247,7
467,10
71,10
1031,52
90,23
250,12
1108,6
1746,34
1041,16
227,28
1966,37
1388,60
2304,32
303,23
1120,16
1959,34
944,56
1716,47
1323,52
557,24
717,13
1878,45
918,3
2475,35
936,57
1491,50
1274,52
1568,4
1612,47
1006,8
922,14
1605,7
2243,35
1665,58
1362,57
1656,9
2179,50
286,32
506,35
621,22
1218,12
1700,52
1017,22
538,24
1179,20
1776,10
1294,7
2433,51
1077,9
36,42
1297,12
1894,2
1954,53
1013,24
2174,56
355,24
952,14
131,50
552,43
1465,10
2470,54
1947,13
73,45
389,22
804,35
2199,5
1621,28
1206,15
746,30
765,43
302,53
1697,23
1521,26
2159,54
2077,15
602,22
506,48
2162,59
1157,15
2415,10
563,30
496,40
1313,33
834,35
1632,15
572,35
1692,29
792,38
355,37
179,40
776,30
1810,21
332,53
1507,20
693,32
1727,23
1465,23
1551,26
2148,16
255,35
670,48
986,25
130,40
1343,33
2476,3
864,35
1065,25
327,59
308,46
2479,8
1023,28
2057,19
1377,31
1798,24
1958,13
361,57
1696,13
2092,13
1319,26
1875,15
1654,16
2136,19
2273,24
1810,34
1171,47
271,56
1666,26
692,49
475,51
1091,54
650,52
414,41
1805,40
2300,19
949,55
2175,24
1798,37
39,19
259,59
923,39
377,14
597,54
160,16
638,55
294,16
2052,38
935,49
1311,40
1691,32
1911,35
2029,27
2466,28
465,19
726,60
449,11
1367,56
522,1
1064,55
145,14
62,16
1664,50
400,11
243,27
2378,36
1698,48
1918,51
2033,38
1436,48
453,22
1136,52
2211,44
1751,59
111,29
152,30
2406,27
532,22
2089,54
1524,53
1128,53
1945,46
407,27
1004,17
2165,49
860,9
304,20
2021,41
684,12
2241,44
1281,2
1415,2
936,4
96,27
1510,10
897,12
1931,3
2211,57
2068,8
2035,60
216,28
973,7
91,33
1808,54
2028,57
1087,28
1403,5
1986,60
589,17
608,30
723,17
186,41
2357,3
901,23
2095,3
1699,3
2442,47
422,25
205,27
600,31
760,20
182,43
2454,57
957,39
676,26
1870,6
855,28
1056,18
2208,1
1033,34
637,34
2227,14
771,34
193,57
991,37
1729,3
2185,17
573,49
2386,7
1748,16
1090,16
1866,8
1026,31
767,36
189,59
1565,16
1766,6
109,36
1960,20
463,39
1523,19
2196,4
2113,6
561,52
1713,35
1652,25
771,47
1687,19
586,1
713,42
1310,32
690,58
1488,38
1648,27
1562,24
371,49
1446,41
2203,20
444,2
750,45
1641,24
2078,25
1567,38
2279,15
2062,17
1002,37
28,60
2314,9
1937,22
835,45
324,58
1416,27
433,1
171,1
1814,36
2268,14
14,17
831,47
745,7
2226,17
486,12
646,1
1647,44
1765,36
2126,15
488,58
226,58
1883,28
823,48
83,9
1162,2
437,12
1758,33
60,25
1978,36
1119,46
1138,59
1342,54
1677,44
2434,23
1333,5
455,2
1613,59
518,58
2149,39
550,10
90,25
131,26
291,15
2404,36
687,15
731,58
1704,39
587,13
1184,3
344,26
599,23
1834,4
161,26
758,16
1355,6
2274,47
59,15
978,19
97,41
212,28
2433,40
2130,39
2216,42
416,23
435,36
1494,57
1931,58
71,25
1408,17
869,5
2311,50
1452,60
1226,13
207,34
1401,14
1225,17
2061,60
545,29
127,41
1343,9
765,32
2380,42
797,21
1279,24
420,34
1378,3
318,23
841,27
2398,59
2035,7
2095,58
1336,6
918,18
279,31
1734,15
1389,17
610,23
2167,55
2368,45
274,37
494,40
609,27
2202,12
1343,22
484,32
1081,22
1697,25
286,47
2058,4
1461,14
1521,28
1681,17
1620,7
1859,23
1974,10
1000,33
1993,23
2455,54
2092,2
2238,56
1935,18
61,50
2229,7
498,51
556,29
2314,51
954,38
2148,18
1583,17
2106,21
347,40
366,53
2403,15
570,48
1863,7
2479,10
1023,30
1042,43
1840,23
2437,13
1000,46
81,5
2018,29
521,48
1076,41
1236,30
1759,34
658,53
396,53
1414,36
440,59
1037,49
1634,39
1666,28
2483,21
1030,46
507,5
2205,13
768,46
331,8
247,51
458,5
678,8
2337,24
1015,44
1832,37
858,60
13,5
2052,40
1634,52
252,21
2246,27
2265,40
1869,40
1432,39
928,11
2048,42
867,1
1805,55
1046,3
1441,44
1004,6
1064,57
2063,27
1881,50
1980,29
1443,53
703,14
818,1
923,54
735,3
1478,47
1082,47
160,31
913,9
2253,43
1614,56
1647,4
1943,2
1506,1
1607,53
1693,56
69,34
430,13
867,14
1610,58
1684,7
624,27
1221,17
365,32
2082,53
103,32
122,45
1906,56
2302,56
786,25
1644,56
1804,45
221,24
1415,4
862,20
999,25
1596,15
1711,2
536,35
517,22
360,38
957,28
1806,10
2332,56
554,25
311,38
471,27
1109,18
2389,38
2408,51
1227,10
2306,3
1843,13
1581,13
1144,12
767,25
786,38
464,24
1102,15
2282,60
1702,10
265,43
1877,11
1063,23
2100,56
584,25
737,38
1273,18
2352,11
2176,51
1116,34
1014,23
2345,8
378,41
1090,18
512,41
94,53
1866,10
1907,11
167,43
387,46
1648,16
1070,39
748,25
987,41
1785,21
288,40
1504,8
2382,11
67,41
466,46
1283,39
1995,16
1139,31
1736,21
2374,12
762,44
660,33
197,6
2492,4
1416,16
1275,40
2252,22
1469,27
2226,6
808,52
269,3
7,3
1784,38
1701,40
583,55
657,4
1978,25
178,6
1914,40
819,39
356,12
2073,33
650,1
433,3
671,60
151,24
687,4
2404,25
967,58
1347,50
2126,17
1944,40
1525,56
2323,36
1263,56
504,4
1758,35
1180,58
1221,59
261,17
724,7
1582,38
379,9
117,9
2156,44
1196,2
337,12
934,2
860,53
2453,38
2015,41
1712,40
2309,30
1073,53
1670,43
1274,43
173,25
1233,5
2327,47
1427,56
668,4
29,17
846,10
2448,44
1066,13
386,25
1464,59
2422,28
880,8
25,19
481,33
1439,2
219,33
883,13
1323,56
340,30
2098,52
1096,13
2391,45
531,12
355,15
112,28
2311,52
2384,42
2448,57
1704,54
785,13
293,39
1924,57
628,29
1225,19
2345,50
1822,9
545,31
2262,52
2482,55
1783,54
602,13
1199,3
184,25
1218,16
1313,24
540,37
2174,60
2289,47
195,39
2292,52
2366,1
1373,11
2451,45
2470,58
73,49
788,31
1123,21
2284,53
586,45
2275,4
2421,58
2025,58
924,40
2118,20
506,52
560,29
1157,19
343,31
1537,11
1179,37
1977,17
2092,4
339,60
958,38
77,60
2069,20
498,53
135,1
262,42
1673,20
2270,10
836,48
1532,17
2129,7
1350,40
692,40
255,39
1886,20
1650,9
1905,33
213,42
347,42
1761,25
1544,27
1981,28
2182,18
1745,17
1764,30
1965,20
1502,30
1065,29
1722,33
225,52
2479,12
385,4
780,45
2478,16
2018,31
521,50
562,51
722,40
42,52
1076,43
1235,36
2212,18
137,60
1950,18
1155,43
1592,44
766,2
296,53
516,56
1550,47
953,57
414,45
70,6
245,7
2048,31
1805,44
187,2
1904,23
863,56
1600,26
585,48
2261,31
2376,18
1999,31
2436,32
2219,34
1159,54
796,2
837,3
1337,60
1101,49
335,21
1219,41
76,26
1094,46
153,17
194,18
309,5
1825,36
414,58
1930,52
2045,39
2131,42
2406,18
1346,1
2466,32
1349,43
564,2
784,5
2124,39
541,18
1064,59
282,23
221,13
400,15
702,57
1781,50
2116,40
1175,11
1739,53
1510,1
517,11
1876,58
1793,60
1994,50
411,29
1531,60
992,11
1515,52
730,11
1432,54
950,14
1211,55
688,14
848,3
471,16
1422,9
1769,53
1540,1
962,24
2123,56
767,14
103,34
483,26
1281,6
1300,19
821,21
1940,56
1334,17
938,17
1117,19
1033,25
2313,45
2227,5
790,38
554,27
2188,50
1885,12
965,12
2481,43
1581,15
1565,7
1188,20
885,19
1963,53
977,22
1197,25
2391,5
424,38
1315,17
1879,59
676,30
459,32
1056,22
2074,5
1174,14
771,38
158,40
2252,11
2472,51
1572,23
713,33
1926,26
1648,18
1565,20
1785,23
172,59
1264,28
204,48
1995,18
1819,21
1934,8
2272,3
1317,39
899,51
2335,59
2032,21
2147,8
796,44
56,5
116,56
537,49
1530,39
1846,16
2025,18
285,13
370,57
361,8
1104,52
708,52
2480,9
667,51
102,13
2397,11
2256,35
845,57
1161,34
2272,16
902,39
1499,29
2230,19
659,52
1719,32
2450,22
2054,22
879,55
254,3
735,47
990,44
949,6
1647,48
1545,37
309,60
1682,42
1043,55
143,27
900,6
2457,38
2240,40
25,8
44,21
1802,43
398,24
1196,4
203,14
1061,45
1415,48
2012,38
1112,10
1635,51
2369,46
1491,43
154,14
677,55
1714,51
814,60
626,9
2228,43
1966,43
1927,51
242,19
765,23
2000,41
66,22
2179,43
2220,44
580,14
1017,15
142,17
1617,10
1878,51
496,20
1616,51
78,32
675,22
1817,41
119,33
515,33
499,25
36,35
1357,56
994,4
2350,46
1827,5
1089,12
2269,57
2384,44
1988,44
1465,3
610,14
1644,5
188,25
427,41
628,31
702,17
210,43
746,23
168,46
2086,57
1824,57
487,28
1901,11
1942,49
2296,52
1818,13
1859,14
2079,54
716,36
2433,57
1278,5
77,49
1995,60
2248,11
415,44
1854,57
2291,58
1331,16
887,39
1088,29
852,18
2409,50
1468,21
1206,21
347,31
526,33
1123,23
1282,16
107,49
1301,29
24,51
982,20
244,54
1157,21
183,44
1597,27
2280,57
2194,17
783,39
697,36
2439,50
1095,45
773,31
1852,24
1456,24
597,34
19,57
1992,4
1111,26
51,9
577,55
95,52
2349,12
893,32
2307,15
232,57
1844,25
1426,37
89,8
1384,40
988,40
2048,20
2182,20
726,40
946,43
1106,32
2099,22
1703,22
247,42
1882,24
385,6
627,34
2175,17
1402,30
1958,19
1737,20
1756,33
1076,45
2337,15
565,58
1437,24
2490,28
74,6
597,47
421,50
1037,53
453,2
1733,22
1490,35
1094,35
516,58
590,7
1844,38
1071,51
2246,18
854,53
969,40
551,52
1062,2
726,53
1368,45
509,55
1744,36
206,17
1367,49
1661,38
1265,38
1821,27
1485,41
544,12
2219,36
636,15
923,45
2117,25
1679,28
1101,51
1832,41
2033,31
335,23
2128,39
698,48
1892,28
1850,31
1492,57
793,56
449,17
1147,59
1744,49
30,33
2123,45
1226,59
1341,46
240,28
964,59
1561,49
64,31
1781,52
1855,1
1299,49
996,11
1302,54
999,16
2119,47
1510,3
2253,47
1334,6
1672,1
194,33
1410,1
832,24
510,10
1212,16
251,15
1827,60
1489,1
2206,56
2500,45
1204,17
103,36
901,16
920,29
2222,37
1459,14
2202,58
1794,4
121,26
2234,47
1678,58
897,18
938,19
855,21
2176,42
1799,55
1276,14
2227,7
573,42
1808,60
2303,2
2430,43
135,45
314,47
1967,53
1026,24
1185,17
2305,48
189,52
1801,20
1565,9
968,19
725,32
45,44
1963,55
1440,14
163,36
686,40
1535,22
1937,2
216,47
1394,19
1655,23
1173,20
975,35
1572,25
1150,36
2108,5
1530,28
1709,30
2044,20
1488,31
1070,43
1849,10
285,2
169,56
1363,36
1523,25
1564,26
549,48
664,35
1462,15
405,40
1002,30
1356,33
2355,3
2138,5
1138,39
2074,20
1636,23
777,33
199,56
2453,16
1393,36
1553,25
493,45
56,7
1888,15
713,48
1351,39
1948,29
451,48
831,40
1587,23
1647,37
1363,49
1168,39
1567,44
648,3
1263,47
449,59
1557,36
1004,52
44,10
995,3
1738,47
1259,49
736,8
1575,26
1131,49
1217,52
1332,39
1929,29
14,23
1134,54
550,3
113,2
1689,47
770,6
2327,38
1427,47
1628,37
1807,39
1411,39
1631,42
1242,1
1369,42
1305,57
105,3
303,18
1337,9
1027,49
44,23
200,11
1917,32
1339,55
2022,48
2297,24
1920,37
1342,60
340,21
937,11
1575,39
2232,43
1332,52
936,52
1533,42
1096,4
2452,46
397,3
1491,45
1031,60
450,14
610,3
6,37
1663,7
2387,38
2301,35
207,27
1184,9
2304,40
788,9
108,21
705,11
1538,12
1362,52
2201,33
1279,17
1581,59
1218,7
404,19
1001,9
423,32
142,19
1294,2
1431,7
2391,49
853,30
313,22
2090,57
552,38
1130,15
1350,18
1947,8
1424,4
2208,49
188,27
670,30
586,36
2000,56
1678,5
401,27
2118,11
1218,20
982,9
579,33
1556,15
582,38
697,25
1137,31
1338,21
498,44
1095,34
1012,36
198,48
1970,5
514,25
1928,8
1350,31
954,31
472,28
1248,20
1886,11
2065,13
2400,3
232,46
1324,15
1183,39
2403,8
966,41
1368,21
1722,24
863,34
1042,36
665,49
2041,6
320,51
2353,12
278,54
1057,21
1076,34
102,57
2034,3
1079,39
1194,26
1414,29
440,52
1749,19
1155,34
1752,24
1053,23
2467,6
414,36
1407,26
1250,42
350,51
2048,22
47,13
2342,11
2080,11
528,57
2140,25
1763,38
1441,24
1661,27
2418,6
1182,29
1779,19
81,11
2376,9
1520,24
419,6
2136,27
1162,50
303,60
1015,37
74,8
798,39
1254,53
858,53
495,1
421,52
32,11
2231,35
849,4
1113,50
2307,30
1448,40
2406,9
854,55
532,4
1349,34
1208,58
946,58
1223,43
1999,35
106,17
636,17
763,58
1124,37
1143,50
157,19
974,12
1015,50
1538,54
779,2
2410,20
118,27
2253,36
539,57
673,20
1512,38
1751,54
2131,46
2332,36
353,15
1473,46
2204,36
1827,49
1987,38
471,7
1087,10
828,15
1306,54
827,56
87,17
2043,54
2199,42
661,23
1855,3
2116,44
2477,23
1040,56
38,17
2077,52
654,20
1672,3
1556,57
1107,2
890,4
193,39
152,38
950,18
774,21
1968,1
1068,10
314,36
448,36
2165,57
1769,57
828,28
1760,8
1887,49
464,17
642,23
2285,58
1440,3
1720,57
760,15
2477,36
121,28
1838,49
181,42
1797,11
1375,22
1158,24
1257,3
1799,57
417,26
1569,9
1132,8
573,44
311,44
2083,1
1310,14
1007,13
1530,17
1645,4
1926,17
93,50
1824,6
368,26
767,31
128,44
1303,11
2266,58
1440,16
265,49
1398,19
1222,22
1576,25
1158,37
1493,27
519,50
2291,7
82,49
477,53
155,39
2032,12
576,32
1058,35
595,45
1291,14
2430,58
1048,27
2168,58
630,39
1731,20
1428,19
2025,9
1405,35
1523,27
1127,27
67,47
1743,30
884,40
488,40
2164,23
667,42
1420,20
2458,12
9,42
1484,35
1659,36
759,45
1356,35
456,7
1643,28
1180,38
1997,31
835,40
62,53
2073,26
1259,38
636,59
1393,38
1553,27
2066,23
151,17
269,9
833,51
2142,18
824,2
2397,15
2441,21
701,53
1917,21
379,2
356,18
1636,38
2434,18
2191,31
694,13
2267,26
1133,60
2327,40
131,21
1325,1
29,10
2142,31
1242,3
846,3
428,15
2320,37
909,59
105,5
2218,26
143,31
1445,39
740,21
2262,32
261,23
1783,34
1205,57
1323,49
1020,11
2114,53
758,11
2213,32
895,16
435,31
1274,49
751,8
770,21
374,21
1408,12
508,21
728,24
291,23
2049,45
1149,54
290,27
450,16
469,29
1790,50
702,8
1445,52
1406,60
2357,53
1176,12
739,11
1195,25
100,24
2433,48
1514,7
1137,20
1431,9
1035,9
1558,50
2155,40
2248,2
2493,35
1870,56
795,27
929,27
753,30
1248,9
1685,10
711,33
1908,55
2419,5
2083,56
567,25
2202,7
685,17
1301,20
1502,10
2025,51
2118,13
1579,1
1176,25
959,27
697,27
320,40
1734,23
1894,12
2229,2
1095,36
556,24
2113,56
1810,18
198,50
951,28
1593,20
2148,13
274,45
2147,54
1091,38
1247,26
810,25
1164,28
1365,18
107,53
646,38
2261,11
1779,8
623,54
1715,23
2251,3
437,49
1832,19
2212,11
574,54
1969,24
1136,23
1733,13
1155,36
1825,16
2307,19
1844,29
870,52
1231,31
1847,34
2048,24
592,44
1148,33
2402,27
1460,39
1680,42
2459,9
1284,42
2478,22
2261,24
479,59
2177,30
284,49
1337,53
1101,42
641,57
1573,37
2371,17
893,49
1691,29
631,49
854,57
2466,25
50,3
270,6
27,19
710,49
206,21
1945,30
541,11
2500,23
1922,46
1182,44
2283,25
2302,38
2417,25
1242,58
1443,48
103,14
629,60
1663,51
1804,27
763,60
367,60
501,60
224,11
399,12
2075,32
913,4
916,9
1554,37
38,6
1573,50
1471,2
992,4
1910,49
1010,58
825,12
1830,56
985,1
1884,33
547,4
2104,36
1089,58
1003,18
1820,48
307,22
441,22
1459,5
1082,55
779,17
2119,51
1857,51
2454,41
57,32
982,53
874,25
2195,46
1276,5
101,38
1952,59
1993,60
1515,58
471,22
2229,44
295,25
1967,44
1549,56
448,38
2187,47
52,38
2002,1
524,33
885,12
463,23
2461,57
2180,44
2065,57
2359,46
2400,47
1963,46
581,15
1357,7
1794,8
1417,21
2275,52
1998,3
542,23
1736,3
98,46
2498,60
1391,5
813,28
1014,18
155,28
1234,21
752,18
1413,23
1588,24
1486,13
2083,3
1007,15
470,39
1709,21
831,18
1824,8
368,28
766,37
463,36
1683,5
1139,26
896,39
1458,8
2418,50
1633,9
375,44
972,34
2293,55
1291,16
2210,20
674,47
412,47
2024,15
1606,27
2247,60
1328,19
1481,32
2164,25
1842,11
1934,14
146,49
2374,20
1735,33
1499,22
1036,32
136,4
1853,25
241,57
2013,14
1636,27
617,48
2453,20
138,50
1613,43
2392,10
317,52
2309,12
275,55
757,58
2369,26
351,50
750,55
791,56
488,55
1902,38
446,58
1464,41
1202,41
2441,23
159,1
1138,56
2399,26
1499,35
1259,53
2494,34
2172,20
1332,43
413,2
2411,36
1929,33
1730,52
2468,18
291,12
492,2
2068,47
2228,36
2126,25
1107,46
2301,26
763,7
1924,39
501,7
1621,1
941,13
2102,45
1885,47
622,4
85,28
1320,46
1103,48
1061,51
557,23
1154,13
339,29
2056,50
760,59
2014,53
929,16
1130,6
230,15
1864,1
568,10
2010,55
105,20
2326,32
210,36
149,26
1739,6
1780,7
1623,60
1697,9
43,44
822,11
640,34
2379,43
225,21
1901,4
1598,3
758,26
1195,27
1859,7
1683,47
59,25
279,28
339,42
1297,11
773,11
281,37
1912,55
575,26
112,36
1810,7
1392,19
1465,9
2148,2
1267,24
2065,4
1602,14
829,27
727,16
905,22
1065,11
487,34
1084,24
2099,2
1796,1
2245,56
2159,53
1817,60
144,45
1734,25
1076,25
1590,17
2072,20
1717,58
1194,17
1851,21
868,32
2367,59
1266,41
2023,20
1742,7
2351,51
350,42
1962,10
551,32
2182,13
1282,22
2361,15
1483,12
1946,2
2099,15
1722,28
844,25
2258,8
780,40
1463,33
2060,23
1000,43
1958,12
1740,18
2337,8
1277,28
2471,8
1296,41
1120,44
1832,21
32,2
472,45
736,54
851,41
2064,34
1668,34
1627,33
812,49
1747,34
687,54
866,56
805,46
939,46
1421,49
1341,26
763,49
166,59
1580,42
1874,31
900,54
2135,35
1832,34
335,16
1018,46
99,5
1219,36
1816,26
453,8
976,49
117,59
76,21
414,53
1333,57
1515,34
2406,13
312,5
749,6
854,59
532,8
2364,16
196,59
2424,30
1409,52
27,21
1725,29
930,54
1820,37
846,60
2436,40
502,21
1300,1
485,54
2496,27
1040,47
300,8
319,21
57,21
781,52
1378,42
1690,48
312,18
876,60
1010,60
270,21
1830,58
448,27
943,6
170,19
1887,40
304,19
901,9
323,32
1121,12
147,35
1864,56
422,11
45,24
482,25
1781,58
760,6
619,30
603,22
1378,55
15,37
2310,35
1588,13
91,32
512,25
2146,48
10,43
524,35
2222,43
2139,8
1220,4
2199,59
306,41
581,17
1178,7
163,29
2183,51
383,32
2141,54
1356,13
341,35
979,26
2437,52
595,36
2185,16
774,38
891,34
2044,13
1562,10
674,36
1667,26
211,46
2465,6
371,35
2263,57
2423,9
2247,49
1261,18
2381,12
70,43
919,25
1442,29
743,28
1937,8
1541,8
877,28
123,54
1895,11
1298,21
921,34
1971,6
1016,42
553,52
2370,11
2108,11
1846,11
872,34
495,47
849,50
1766,18
2142,9
530,41
1765,22
1462,21
70,56
842,47
9,46
1800,16
2256,30
743,41
784,42
1777,32
440,3
522,42
178,3
1298,34
1499,24
439,44
1518,37
819,36
282,60
617,50
2434,9
2274,20
56,13
1131,42
97,14
14,16
129,3
652,44
495,60
90,11
2404,22
351,52
1631,35
444,14
92,57
2304,20
143,22
1337,2
1464,43
2061,33
2221,22
2457,33
784,55
2441,25
1422,46
1004,58
742,58
222,22
860,50
1476,53
1154,2
2274,33
2433,26
1029,7
2149,38
1638,51
2350,28
1335,50
633,7
1073,50
333,11
2445,36
626,4
1209,59
1327,51
2304,33
210,25
807,15
1841,43
788,2
1684,59
2000,36
1406,51
142,12
2414,26
936,58
2037,39
1753,51
1954,41
154,22
1233,15
355,12
80,36
1232,56
131,38
1612,48
2269,52
1947,1
1088,11
785,10
2326,34
788,15
191,25
1646,46
369,31
1007,59
2000,49
1783,51
1387,51
1984,41
883,23
1218,13
799,29
1641,52
457,36
1095,27
2493,39
1433,59
373,42
2071,50
552,44
156,44
2451,42
1350,24
491,34
1088,24
1812,55
711,37
1905,17
1583,3
2147,45
1688,19
72,50
810,16
1266,30
1183,32
947,21
369,44
2361,4
308,34
2245,58
822,26
1023,16
2236,9
384,29
1798,12
958,35
58,44
658,39
1692,30
2490,10
1791,9
817,32
1851,23
1574,11
137,44
734,34
1372,25
954,37
1972,20
912,40
1407,19
1448,20
653,45
1451,25
1566,12
2182,15
148,58
2080,4
1106,27
1240,27
863,40
627,29
687,43
1955,9
981,32
764,34
1839,26
2018,28
2293,4
1957,18
1874,20
1337,44
597,42
201,42
220,55
1615,25
775,48
1372,38
1155,40
95,60
2189,31
194,2
1333,46
1649,23
111,4
634,45
1250,48
768,45
289,10
1367,44
145,2
2143,36
2478,26
425,56
1600,23
2041,25
1705,39
2376,15
1622,41
2334,18
2420,21
240,10
1520,30
460,50
1561,31
1143,43
96,2
275,4
2496,16
622,48
159,58
2473,32
453,10
714,51
318,51
833,2
1617,47
1550,57
791,5
1071,59
1112,60
2029,28
1233,57
1045,6
30,28
1788,50
1862,36
700,8
2417,29
1207,41
1121,1
1300,3
1781,47
399,16
2135,50
2477,16
402,21
1040,49
1522,52
1730,1
2294,43
2454,32
1480,55
217,12
1994,47
1355,60
1671,37
1910,53
1077,52
1607,52
1808,42
2009,32
471,13
2408,37
649,19
910,60
304,21
2097,37
2403,43
1880,2
1417,12
1273,4
1672,9
1799,50
1537,50
1630,12
155,19
2153,53
1757,53
931,11
1674,55
158,24
1170,27
311,37
1486,4
512,27
429,29
1364,14
2398,5
2324,56
2107,58
1785,7
329,27
1919,7
1542,20
664,17
1261,7
2139,10
1861,2
2298,3
1484,15
1995,2
1021,25
2141,56
919,14
2099,59
2259,48
1579,60
679,32
2208,2
1812,2
260,48
1058,28
394,48
1352,17
975,30
1329,33
454,35
588,35
1667,28
1070,38
2305,56
371,37
2245,5
1009,28
2203,8
1504,7
306,56
2339,54
1902,16
2122,56
1640,16
1442,31
979,41
1078,20
63,42
104,43
701,33
618,35
1853,16
359,40
997,31
1888,10
891,49
13,46
1689,29
1849,18
233,49
948,31
530,43
571,44
590,57
1548,26
507,59
1883,16
2499,19
446,49
2438,9
2221,11
1004,47
1997,37
1138,47
305,46
324,59
222,11
860,39
2450,19
2431,6
1080,42
2073,32
620,57
212,3
129,5
2369,30
1951,42
132,10
696,52
173,11
1890,32
508,1
833,57
1631,37
1149,34
134,56
906,47
648,11
1723,40
2320,30
2281,38
261,16
25,5
985,47
1422,48
2380,17
742,60
379,8
902,49
1122,52
337,11
1658,32
758,4
937,6
1434,58
802,47
298,19
895,9
559,60
36,19
1357,40
1913,29
1013,1
1073,52
1114,53
751,1
811,15
971,4
2030,25
511,19
2209,27
846,9
409,8
1107,50
1327,53
1924,43
702,1
1285,56
2083,36
168,30
302,30
1604,38
2201,28
2086,41
267,9
1084,2
1237,15
1001,4
2181,49
161,27
1396,8
1702,51
119,30
2414,28
480,9
2433,41
1096,12
2257,44
77,33
457,25
1651,5
154,24
198,30
670,25
871,15
2010,59
1688,8
2166,47
1646,48
1183,21
947,10
1824,54
883,25
1562,54
1741,56
1023,5
1961,59
1042,18
598,41
582,33
1817,51
540,36
259,23
1236,5
1370,5
993,18
1079,21
575,30
239,44
836,34
354,31
2071,52
1854,54
1069,13
2409,47
1886,6
1091,31
769,17
628,41
2326,49
2224,1
2182,4
487,38
1859,24
764,23
361,47
875,39
2053,11
1657,11
2138,55
574,47
1835,17
178,47
2492,58
558,39
1155,29
2230,58
1551,29
1752,19
1710,22
53,52
1247,32
2339,1
2485,55
1786,17
2443,58
1307,19
266,52
1064,32
646,44
1284,35
907,48
1182,24
1779,14
227,60
1140,27
1015,32
638,45
798,34
657,58
118,9
1353,27
775,50
1372,40
1573,30
599,53
1691,22
953,56
1892,12
1626,41
793,40
1409,43
1543,43
187,1
710,42
1307,32
407,4
2124,25
1862,25
103,7
626,48
1242,51
367,53
620,4
243,17
1656,41
2454,21
2371,23
1237,57
2128,36
1892,25
918,48
1534,51
1649,38
1052,48
532,12
50,9
2290,34
2047,47
605,2
608,7
1922,52
1383,3
1864,47
422,2
568,56
1896,36
2419,40
1503,41
897,2
1796,34
1075,8
101,31
813,8
1693,57
2405,34
908,16
1632,47
1843,1
547,10
84,20
1727,55
1644,57
1248,57
147,39
45,28
683,19
2359,39
3,31
1577,3
2435,34
1882,50
459,18
596,23
174,34
535,13
2092,45
972,14
292,26
672,18
1706,9
1236,60
892,21
2171,45
371,26
505,26
546,27
1264,14
2257,4
1962,56
1599,4
264,48
1483,58
21,34
535,26
956,19
1990,10
378,42
2210,13
317,32
1351,23
933,35
2245,7
2346,59
1587,7
530,32
549,45
1328,12
1743,25
2059,2
2145,5
28,50
1934,7
979,43
1643,23
1161,20
1978,13
2198,16
2358,5
2239,54
1895,15
1914,28
2376,59
678,51
1435,30
956,32
1249,25
1335,28
1073,28
2226,7
192,50
1890,21
990,30
2027,26
1529,15
328,59
2145,18
1883,18
1305,41
226,48
1624,23
583,56
962,52
860,41
1594,36
138,56
735,46
1638,42
1753,29
1871,21
770,3
772,49
428,10
166,10
804,1
1841,34
108,5
1279,1
161,16
2315,38
381,19
1795,39
1492,1
719,14
2235,45
2133,34
1334,58
1513,60
1806,53
450,11
1066,14
931,55
1005,4
1024,17
369,22
2000,40
302,32
1824,43
203,26
640,27
496,19
1220,50
1817,40
876,11
58,22
1211,1
1693,4
256,37
1035,4
195,27
2030,40
2090,54
2250,43
734,12
2074,46
1394,58
769,6
191,29
989,9
567,20
1687,51
1981,3
2160,5
1824,56
1502,5
1023,7
1157,7
1176,20
665,33
2299,56
1858,54
1632,7
2375,51
2490,1
2113,51
1937,54
2190,5
574,36
2291,57
2451,46
1247,21
2023,13
452,46
1365,13
1502,18
2360,49
1023,20
627,20
1243,23
2175,3
141,46
1380,28
521,38
562,39
2136,11
1673,21
2053,13
60,57
1832,14
239,59
2052,17
756,26
2358,60
558,41
1270,18
2390,12
1330,32
2431,50
1228,21
736,47
1962,16
611,52
1208,42
132,54
2038,11
866,49
585,36
1022,37
81,8
1779,16
1319,31
1360,32
2295,17
160,8
335,9
1656,30
1835,32
976,42
1512,22
1751,38
254,57
111,8
592,52
1767,19
707,2
416,55
113,54
508,58
2500,18
1980,19
2021,20
1804,22
1580,48
2177,38
224,6
1896,25
1404,51
108,60
1739,41
1637,30
2234,20
1656,43
536,12
1177,45
277,17
800,58
1397,48
1314,50
18,22
1212,2
1869,43
2466,33
1607,43
251,1
2405,23
8,14
2047,49
2207,38
1425,2
1089,53
103,22
2484,23
2442,26
904,7
2199,39
702,58
1258,10
2001,54
1605,54
182,22
1739,54
1940,44
999,15
1637,43
121,12
140,25
341,15
2412,39
2016,39
832,23
2153,44
2373,47
688,15
1693,59
889,5
2491,39
2028,49
512,18
209,17
295,20
2248,52
1067,11
52,33
1406,2
1970,44
607,26
2484,36
1685,60
1583,49
1060,8
1366,51
2419,55
1794,3
801,13
820,26
603,28
322,15
1359,11
260,39
394,39
2293,37
177,41
493,18
1773,1
1706,11
2270,53
732,34
892,23
690,37
2011,58
2171,47
748,15
1532,60
109,28
463,31
2161,2
581,23
2339,45
801,26
2403,60
1484,19
861,40
644,42
1241,32
2342,50
382,42
1576,22
2173,12
2460,42
1116,37
1735,15
21,36
2376,48
260,52
576,29
1374,9
378,44
1016,35
1131,22
1773,14
2370,4
1907,14
1511,14
2127,17
1731,17
2085,20
1648,19
192,39
632,45
329,44
2464,53
530,34
1328,14
1925,4
287,47
1462,14
1245,16
248,55
1557,22
1643,25
944,24
803,48
1141,43
2316,10
1939,23
2233,12
1837,12
138,45
1217,38
1913,7
1772,31
1846,17
476,40
90,4
2385,2
150,55
1210,35
1545,25
370,58
571,48
268,10
309,48
1723,31
1883,20
1506,33
2218,10
666,56
1841,23
1860,36
187,58
2022,34
2137,21
203,2
263,53
1658,23
953,5
2098,29
4,58
2392,18
996,52
1156,41
779,54
256,13
435,15
112,5
1232,36
1251,49
392,59
1570,31
2301,21
1487,33
545,8
2262,29
724,10
806,49
1403,39
2019,42
1802,44
1425,57
2297,23
2338,24
423,18
2456,16
2414,19
2433,32
719,16
1357,44
2391,35
2350,34
1753,44
1596,60
1274,46
2308,37
1931,50
1098,49
1012,9
795,11
2049,42
887,14
450,13
2167,34
1193,57
2368,24
804,16
2185,51
108,20
1403,52
1260,3
1227,55
286,26
1984,34
924,17
602,3
1859,2
2120,43
582,24
697,11
2139,56
1313,14
1836,55
719,29
1577,60
1315,60
2333,43
514,11
533,24
2451,35
1873,58
1988,45
1391,55
1248,6
12,29
72,43
669,33
1049,25
1981,5
1167,17
704,27
308,27
2245,51
2465,54
2277,3
2497,43
563,24
582,37
1201,15
301,24
2340,59
1715,7
1775,58
438,29
1296,23
1590,12
1194,12
1791,2
776,24
1810,15
1373,14
734,27
156,50
1308,33
609,32
414,22
232,45
1282,17
509,30
1546,26
2277,16
1201,28
2395,8
125,40
1159,31
144,53
185,54
1379,34
565,46
1673,23
1437,12
1478,13
900,36
1813,3
60,59
2314,56
1615,18
1573,21
1972,26
315,56
1231,28
212,49
215,54
569,57
247,43
467,46
1881,29
805,41
1402,31
2436,22
1839,32
680,46
1162,49
504,49
1436,29
159,51
1439,34
976,44
733,57
2112,19
1272,42
1492,45
812,57
2424,25
1105,50
186,9
828,1
2063,19
1485,42
1006,44
502,16
543,54
2260,38
702,47
661,9
1621,51
402,14
2119,35
622,54
2253,35
434,3
360,17
2192,25
1815,38
277,19
2109,27
235,22
2415,33
730,1
2207,40
1830,53
1986,41
387,12
786,17
422,6
1586,43
399,22
2097,30
2317,33
2336,46
1417,5
1563,59
1838,35
737,17
341,17
1857,48
998,58
635,6
1158,10
781,60
299,20
982,50
82,22
1639,54
216,22
235,35
1630,5
155,12
535,4
1454,8
394,28
908,20
1153,53
1227,2
2187,44
52,35
1593,59
2190,49
1667,8
1801,8
2088,38
1028,21
1666,49
2222,38
2065,54
447,12
2486,47
466,25
1720,56
1880,8
1484,8
1940,59
162,28
181,41
299,33
1956,3
500,23
2090,3
21,25
2060,60
1652,6
1215,5
2335,36
1831,8
1055,16
1696,49
1530,16
1447,18
748,17
109,30
766,34
2046,54
348,46
2161,4
664,23
2266,57
1784,17
1462,3
2339,47
1283,31
264,52
644,44
322,30
2300,55
1541,3
2157,6
1675,3
1138,27
2418,47
1955,57
1036,16
2293,52
199,44
2150,3
1613,27
1773,16
157,47
933,39
652,26
891,42
2085,22
1868,24
252,55
16,44
1169,23
1009,34
1504,13
2164,22
1286,19
928,45
2323,15
564,34
146,46
522,37
541,50
1716,17
1735,30
525,42
2191,17
1016,50
1217,40
974,53
1571,43
1712,19
476,42
1073,32
495,55
1510,33
2110,28
1807,27
1149,27
1187,53
925,53
6,12
529,53
1589,33
1841,25
740,7
344,7
2061,28
1422,41
221,58
340,9
1415,38
400,60
2012,28
2172,17
1795,30
1258,54
36,12
1491,33
2133,25
677,45
2308,26
1494,38
38,58
1628,38
2292,18
1714,41
2049,31
1787,31
1529,32
1066,5
2227,37
909,58
2125,26
1505,52
1068,51
1422,54
2201,21
1186,43
1406,46
1061,48
1498,49
1396,1
1616,41
279,12
2452,47
1156,56
2372,24
154,17
1098,51
594,23
313,10
2493,21
1056,54
794,54
887,16
1991,39
2428,40
408,18
1908,41
1486,52
1646,41
1081,3
503,26
1623,57
1100,16
468,5
401,15
1562,47
1741,49
1565,52
2002,53
1,44
780,11
2382,45
1919,55
1702,57
697,13
1877,58
540,29
856,6
176,18
396,21
1998,55
1717,42
2173,56
1956,58
970,27
1391,57
491,29
692,19
2065,1
628,34
727,13
1183,27
1907,58
1148,6
2268,37
2379,53
2363,45
981,14
2194,7
141,37
1798,7
540,42
144,42
1874,2
262,34
1456,14
2492,51
1886,12
2483,2
2450,54
213,34
414,24
273,48
1030,27
1668,18
349,43
1863,1
844,22
352,48
627,24
646,37
2344,8
1041,41
1140,20
1319,22
2117,2
2397,56
740,49
2221,59
2429,8
1414,30
44,53
1219,20
995,46
35,4
1953,15
934,36
1710,28
2307,18
1911,18
1333,41
1011,27
2172,59
1272,31
2121,13
1600,18
626,41
1402,33
20,2
1622,36
2401,3
166,56
763,46
2219,26
858,54
538,49
2214,32
353,3
413,54
1010,44
69,15
2364,13
2290,27
2204,24
270,5
751,49
1549,29
971,52
1045,1
1788,45
1600,31
626,54
189,16
2040,37
2260,40
4,7
1258,1
2378,32
1781,42
1679,31
22,24
182,13
383,3
443,54
1040,44
300,5
2294,38
883,60
998,47
1598,42
2214,45
813,1
133,13
1891,35
950,6
2111,38
91,16
1297,50
1214,52
1568,55
610,59
986,50
2097,32
600,14
737,19
2393,30
1579,42
2396,35
813,14
940,55
1377,56
2354,38
193,40
2472,30
378,22
2050,41
1530,5
984,17
607,30
1204,20
1801,10
1928,51
2483,44
2139,5
70,27
2122,38
47,43
2361,54
561,35
2173,3
2277,60
1496,20
1055,18
1652,8
1215,7
857,33
375,30
1696,51
2312,54
956,12
1131,13
671,28
2286,1
674,33
371,32
849,34
412,33
1188,25
1941,3
1363,26
2298,11
2122,51
1062,34
1442,26
1643,16
165,48
762,38
1652,21
879,34
2469,14
1594,16
2117,57
1613,29
553,49
1814,19
1332,16
1948,19
451,38
275,41
1469,21
2225,4
1411,16
1941,16
370,49
2464,57
1564,29
1187,42
2362,9
1305,34
1464,27
1027,26
2240,19
2105,60
1400,42
1716,19
2358,11
1917,9
761,55
2,3
1719,24
1476,37
2434,6
2012,17
997,39
2031,30
1533,19
358,52
1156,32
578,55
1932,24
316,55
476,44
1689,37
434,47
1513,40
2110,30
1647,40
907,1
1704,22
1286,34
207,4
1943,38
532,60
647,47
1726,40
1263,50
2061,30
2422,9
261,11
1186,32
200,1
1320,32
742,55
2399,25
420,4
84,55
640,7
203,6
1760,38
2095,28
1121,51
422,50
2392,22
2433,23
1619,35
196,3
1175,58
297,55
1954,25
1871,27
2394,31
811,10
1117,53
1714,43
1433,30
1848,43
511,14
1075,56
712,4
376,55
813,56
629,6
1107,45
1110,50
1908,30
1665,43
1100,5
1246,59
286,17
2421,26
1540,48
2223,41
203,19
2398,42
1061,50
1355,2
2098,46
1702,46
2299,36
2414,23
2433,36
1096,7
1197,59
834,7
1357,48
1558,38
1577,51
1012,13
1755,57
514,2
693,4
552,28
1854,36
230,14
752,59
1132,51
1822,3
1384,6
369,28
662,21
225,20
2360,29
1042,13
2162,44
2363,34
1482,56
2340,50
2331,1
2298,53
856,8
859,13
878,26
1810,6
313,25
970,29
2291,50
1088,21
95,31
2032,55
1072,13
609,23
650,24
1669,3
1949,57
2064,7
1291,57
1907,60
988,19
1805,12
2462,53
2140,2
1859,19
1759,17
2270,4
597,26
456,50
1541,60
2052,10
2011,9
338,31
2432,2
1768,22
1733,1
1289,24
2307,7
254,37
72,60
1448,17
870,40
1668,20
1745,11
1208,35
1805,25
1524,12
5,6
2267,56
1166,38
266,47
1064,27
7,52
1779,9
1182,19
1242,33
1536,22
2018,25
1025,35
166,45
1360,25
1759,30
1874,17
418,37
839,30
481,56
2432,15
2473,16
995,48
76,7
934,38
1691,17
717,40
1154,41
736,53
1010,33
1029,46
1349,24
2424,16
2207,18
1747,33
1325,44
2082,23
208,55
2219,28
166,58
763,48
1226,38
64,10
2116,21
2276,10
1040,33
1260,36
118,17
319,7
1196,51
1135,41
1892,20
1096,49
1808,26
531,48
1128,38
1450,52
1811,31
1945,31
1408,55
272,53
1191,57
304,5
2040,39
87,7
307,10
2359,21
1781,44
2378,34
702,51
182,15
1940,37
1522,49
999,8
140,18
1857,39
2278,32
1292,1
1952,47
1179,60
2331,43
1651,55
2248,45
295,13
589,2
630,3
1609,58
910,57
547,5
1003,19
1204,9
868,60
1864,55
1979,42
1583,42
1542,4
683,14
1280,4
265,26
1426,58
1605,60
1761,48
980,8
1544,50
1838,39
1535,1
1273,1
478,26
1157,55
257,27
2437,38
394,32
378,24
1486,1
1453,53
1153,57
1709,9
1268,7
1373,60
1111,60
1666,53
246,26
2486,51
2004,48
223,42
322,21
1180,15
1997,8
1821,48
2041,51
1074,33
1569,12
1058,25
815,38
1090,14
1131,15
1351,18
1948,8
652,17
234,29
831,19
1648,12
252,46
412,35
2024,3
35,48
109,34
2263,56
1826,18
2423,8
926,27
1941,5
549,40
708,33
9,32
1043,23
1800,2
1222,25
382,48
1937,7
2239,49
902,20
1633,10
659,33
678,46
282,46
461,48
39,59
1374,15
2328,13
2410,52
932,47
32,56
252,59
1628,16
571,41
791,44
6,3
1085,33
1346,37
1420,23
1043,36
1203,25
465,59
564,38
1221,42
1802,24
1936,24
2096,13
525,46
1323,26
1415,29
515,1
224,54
694,3
2015,24
358,54
36,3
1156,34
2350,14
894,34
13,56
173,8
1293,39
1117,42
2225,19
1647,42
1452,32
2068,35
134,53
1787,22
2186,27
133,57
2320,27
1170,53
430,51
2243,9
2102,33
724,3
1045,58
2022,40
506,9
84,57
43,19
1323,39
1383,53
684,52
758,1
1878,32
279,3
380,55
1459,48
1533,34
1619,37
559,57
2216,27
297,57
853,9
1200,53
2068,48
1672,48
1110,52
1486,43
1008,4
1505,56
2201,25
589,57
1387,37
2044,41
1,35
2280,25
1702,48
119,27
320,17
17,16
2372,28
1357,50
438,9
1054,12
2174,43
176,9
1095,13
575,14
2333,36
313,14
2071,36
2291,39
794,58
2074,41
871,12
389,9
1206,2
191,24
232,25
1164,5
2463,38
1301,10
905,10
2025,41
2421,41
1521,13
1648,54
65,33
2245,44
1639,5
1169,56
1785,59
1303,56
361,31
58,30
1775,51
639,12
1934,44
338,20
1854,51
2148,3
1088,23
1509,16
2252,60
2386,60
2351,39
171,28
1687,59
2067,51
1805,14
946,24
1923,6
1460,16
1479,29
521,33
2353,4
1759,19
1437,5
2397,47
1893,19
19,51
1235,19
421,31
1455,22
1037,34
2272,52
1155,26
1592,27
1867,3
1953,6
1330,27
1911,9
414,28
1566,11
2163,1
14,57
726,34
509,36
2341,7
266,49
310,55
2376,1
268,58
1025,37
2200,4
1159,37
1124,16
983,40
900,42
1395,21
1876,28
1330,40
2109,7
328,1
1930,35
2112,12
548,4
1850,12
1112,46
675,45
416,50
1348,30
2063,12
409,47
1443,38
1025,50
2420,20
804,51
1124,29
325,53
485,42
1698,35
360,10
1480,41
2036,30
57,9
117,60
1818,36
2329,23
50,6
196,60
2047,44
1233,56
314,15
388,1
608,4
2165,36
346,4
2063,25
920,10
904,2
482,13
1385,46
2183,26
2160,42
1260,51
1975,33
1598,46
739,56
1355,59
1671,36
790,21
2092,29
1473,51
1674,41
1693,54
908,13
209,12
1389,57
2190,42
1947,55
2222,31
1248,54
329,13
744,26
1165,56
1280,6
380,15
466,18
903,19
1324,49
718,10
938,13
1493,6
436,31
174,31
1891,52
554,23
2178,45
755,13
889,13
713,16
451,16
1488,12
1070,24
1667,14
674,24
1386,1
1565,3
2129,45
546,24
2148,58
1270,55
2349,48
1886,58
549,29
2467,40
1481,9
1044,8
2224,53
801,21
1745,55
960,14
2300,48
1359,19
803,30
701,19
2258,51
2377,2
477,45
1779,53
2335,42
1435,14
1476,15
2050,58
1134,22
1268,22
1992,53
1092,25
2024,5
747,27
1344,17
766,40
370,40
134,29
67,39
1724,9
1187,33
1944,12
2205,53
1800,4
1601,23
104,42
1719,15
1141,38
122,59
2334,59
138,40
1332,20
1115,22
537,45
1913,2
1073,25
696,38
2327,19
1647,31
1251,31
1848,21
833,43
1168,33
92,45
1506,28
446,48
2218,5
647,38
867,41
605,41
2281,24
2019,24
2399,16
1936,26
2137,16
1323,28
2315,22
2172,10
936,33
36,5
256,8
476,48
1510,39
131,13
332,3
1190,34
772,46
1966,26
133,59
730,49
1346,52
1943,42
427,11
909,51
1464,44
2243,11
168,16
209,54
1026,47
85,18
2399,29
640,11
2076,19
1498,42
1102,42
362,3
1836,37
633,8
1197,50
1357,39
853,11
2014,43
2091,34
2090,38
1190,47
973,49
1394,42
2125,32
1371,58
2243,24
2102,48
1665,47
1470,37
806,57
2000,37
2086,40
1447,53
24,21
1185,53
748,52
1942,32
1176,4
563,6
2139,51
716,19
320,19
58,19
2391,43
1398,53
176,11
179,16
616,17
910,6
1350,12
1551,2
2093,56
1088,12
1248,1
1072,4
1090,58
1780,10
787,20
107,32
2287,43
267,21
266,25
1169,58
1859,10
866,20
2423,52
1201,10
1724,51
939,10
1756,3
1861,56
942,15
460,12
2416,49
1934,46
456,41
1194,7
2333,51
574,33
2272,41
2377,57
2450,47
1113,18
1467,21
2351,41
1167,25
1846,54
1722,18
2446,49
426,27
863,28
1224,7
2277,11
1022,21
1361,12
1925,54
2436,4
1696,2
1057,15
1277,18
1079,33
2036,6
1953,8
1972,21
2087,8
631,28
2351,54
372,33
2204,4
1189,26
1786,16
1946,5
1913,57
509,38
1661,21
250,43
888,34
1664,26
1124,18
1580,32
1162,44
680,41
2135,25
127,57
2413,6
2454,7
1835,29
117,49
2211,20
1774,19
1094,31
1135,32
34,51
2489,1
1253,24
675,47
2089,30
1693,30
1767,16
1128,29
2408,12
1348,32
1747,37
2344,27
2481,2
1705,40
1309,40
629,52
1226,42
2241,20
1762,22
1679,24
22,17
1142,48
2477,4
443,47
200,60
319,11
401,50
520,1
57,11
277,14
353,9
793,52
2009,20
2491,23
834,53
1013,55
1894,33
1830,48
1012,59
1172,48
2347,15
84,6
2241,33
986,43
1385,48
466,7
1519,48
619,20
517,9
1334,2
1898,44
258,14
1378,45
1438,59
1001,58
2354,31
174,20
193,33
1380,54
1514,54
1151,2
573,25
2472,23
2229,36
2206,52
2104,41
1111,51
2305,31
390,25
348,28
843,7
265,30
2183,41
1484,3
2141,44
1222,3
2342,34
181,36
1199,56
1722,60
1863,36
1359,8
459,17
2217,39
720,21
40,33
461,26
1977,57
1715,57
1090,5
2471,40
451,18
1731,1
2273,55
831,10
368,20
588,23
2231,58
1405,16
1344,6
329,28
926,18
530,18
549,31
153,31
1481,11
2004,52
2224,55
1861,3
1002,13
424,36
2182,58
1078,8
2157,1
541,32
2258,53
238,31
659,24
2261,58
1039,16
461,39
1173,16
419,42
2251,50
157,42
2034,52
2328,4
1951,17
1849,6
1587,6
1446,30
613,29
1807,9
632,42
2423,12
2464,50
2228,2
1724,11
1765,12
750,34
1168,22
1085,24
2205,55
111,47
2164,17
823,24
245,47
430,29
522,32
1601,25
902,24
2459,56
2096,4
1256,27
1342,30
180,39
1856,22
1415,20
837,43
1635,23
358,45
1753,15
316,48
1073,27
2152,20
13,47
319,53
393,39
352,1
2225,10
2008,12
1430,35
2027,25
1746,12
2186,18
689,37
890,27
226,47
1665,23
187,55
448,59
1642,39
1936,28
2137,18
222,12
423,2
901,41
1498,31
1080,43
2274,23
703,56
441,56
1399,25
696,53
737,54
2426,13
1034,48
596,51
73,10
730,51
1413,44
2304,23
1927,36
388,58
985,48
2220,29
1406,41
943,51
1144,41
1020,5
1584,47
885,46
422,56
802,48
2433,29
2372,19
894,51
1778,34
80,26
1516,34
1433,36
2352,40
970,9
1672,52
271,8
1771,31
1234,55
1267,3
535,54
1225,6
2284,27
1489,52
225,13
822,3
404,15
882,17
579,16
739,5
1303,47
706,57
2120,40
2280,29
1261,50
2340,43
2414,29
301,8
958,12
2037,42
1555,2
1338,4
2458,35
1558,44
1778,47
1516,47
1998,50
753,24
1465,1
2074,45
95,24
1905,7
1688,9
1173,58
1865,56
65,37
2245,48
863,17
1983,48
445,29
1023,6
646,19
866,22
2497,40
981,9
2194,2
764,11
1798,2
301,21
144,37
1236,6
840,6
201,19
60,43
1676,12
555,22
2157,56
574,35
2377,59
1532,4
539,14
1416,58
475,29
1509,20
1071,23
56,45
551,24
308,37
509,27
1106,17
949,33
467,30
1460,20
1747,13
2385,41
645,36
2321,56
1242,26
2362,57
1421,28
345,40
782,41
143,54
1698,13
1851,26
641,38
599,41
2230,59
1311,18
2189,21
953,44
516,43
139,56
1314,23
634,35
969,25
2048,18
196,38
793,28
2124,13
1728,13
90,56
1325,37
122,8
1242,39
846,39
2219,21
1938,8
23,2
2378,14
941,47
41,56
335,8
159,48
1554,18
420,52
1017,42
800,44
2109,11
2195,14
937,49
1112,50
1272,39
2089,32
1390,31
994,31
2424,22
416,54
550,54
911,33
594,60
2481,4
2264,6
1207,31
1066,55
703,3
147,14
307,3
804,55
2359,14
2276,16
1637,29
1260,42
1857,32
2192,22
1975,24
392,3
915,44
2176,14
1617,50
1818,40
758,60
235,19
1952,40
918,49
1212,1
1776,43
1313,53
554,1
177,14
1035,45
1967,25
952,47
1750,27
2206,41
2104,30
10,22
901,1
2088,22
524,14
610,54
2282,36
785,55
871,58
463,4
945,7
1005,58
609,58
1762,37
862,9
2097,27
1417,2
1563,56
2160,46
322,1
2294,46
1898,46
542,4
561,17
2393,25
299,17
1579,37
1598,50
679,9
596,11
815,18
1935,49
1792,37
314,32
2072,54
2407,44
1405,5
1465,56
1551,59
2483,39
1669,51
287,20
1844,52
2285,54
1280,10
1063,12
1761,54
842,13
801,12
1398,2
2403,46
1618,5
845,18
1898,59
1375,18
146,17
762,20
1359,10
238,20
1955,41
1352,7
116,30
1354,16
990,5
1733,49
2349,52
967,21
884,23
2045,55
1245,2
1828,57
1420,3
1902,6
1002,15
1566,57
2039,11
2080,49
743,20
1138,24
123,46
21,35
1058,31
39,52
2293,49
1929,1
1511,13
377,47
652,23
2369,7
495,39
1689,19
674,41
2346,60
1950,60
1312,32
1446,32
2404,1
2228,4
1388,27
2145,6
1883,6
2406,47
1420,16
1943,20
1043,29
826,31
867,32
1046,34
742,37
921,39
365,50
1719,19
1141,42
1415,22
1575,11
1434,35
2172,1
224,47
1533,14
1638,30
578,50
96,47
2369,20
435,1
1510,30
495,52
1730,33
1931,23
1513,35
16,54
1050,45
268,9
1388,40
395,50
6,9
471,45
1684,38
1959,14
219,9
346,50
2297,9
464,42
1061,32
2079,15
78,6
96,60
1871,22
695,59
772,50
2384,18
376,50
510,50
1429,54
2186,33
2368,10
1212,56
334,53
367,1
1991,23
2010,36
1771,20
207,12
1445,35
108,6
1227,41
1581,44
184,1
1345,33
464,55
2095,36
2181,39
161,17
758,7
288,58
1482,38
978,10
1836,41
77,23
278,13
1054,5
1181,46
2289,23
658,5
2174,36
396,5
938,59
1273,49
1433,38
73,25
1454,60
1132,46
1729,36
1225,8
1866,41
2303,42
2067,31
2086,44
2127,45
468,2
1984,33
1428,44
602,2
2159,34
2245,37
2379,37
1364,59
1785,52
1859,1
1683,41
2078,45
1264,57
2155,36
456,32
373,34
2157,45
137,23
1372,4
1611,57
1215,57
114,39
2249,48
2428,50
2469,51
1770,50
1773,55
2370,45
350,23
391,24
1907,55
2287,47
726,14
745,27
1125,19
662,29
2143,2
2203,53
2404,43
403,34
1000,24
1925,45
1944,58
1245,57
259,26
1277,9
262,31
201,21
1676,14
239,47
1592,20
692,29
2147,50
2131,5
1231,14
988,27
1626,18
745,40
2402,10
1106,19
1763,23
2487,54
2478,5
2082,5
7,47
1779,4
805,27
543,27
166,40
1976,23
1162,35
900,35
2221,56
2179,59
1733,9
1592,33
2,53
1691,12
2214,16
895,41
969,27
633,41
330,40
2006,23
435,56
569,56
1744,23
1086,23
1568,26
2124,15
1788,29
106,2
2001,29
1554,20
2151,10
998,31
599,56
800,46
337,56
411,5
698,35
161,59
2112,18
1112,52
193,11
1693,34
2204,21
2427,29
374,59
971,49
2366,19
2063,18
1507,29
888,51
712,54
1804,23
670,57
2260,37
1845,24
1621,50
399,8
1503,31
1218,47
478,8
1135,49
1176,50
1818,42
1799,29
1537,29
193,24
917,55
438,57
75,5
471,5
2028,37
1651,50
1255,50
1769,42
1373,42
10,24
524,16
1248,47
1449,37
306,22
903,12
1063,1
2023,43
1197,1
801,1
2141,35
759,4
1241,7
1158,9
2393,27
2035,53
1157,50
2236,43
2194,46
1118,58
1715,48
378,19
1371,9
639,60
1833,40
135,32
2053,43
1590,53
2072,56
2407,46
1447,4
1185,4
2231,49
607,27
1666,48
766,20
1363,10
530,9
1146,12
683,22
1044,1
667,14
89,37
1264,4
2403,48
264,38
1241,20
1139,9
743,9
1863,40
1997,3
1097,12
1840,56
2175,46
1738,8
1275,18
1958,48
975,22
157,33
317,22
1115,2
537,25
2273,59
93,48
1992,46
1951,8
1791,56
789,17
1386,7
632,33
833,23
2161,3
153,35
1002,17
1525,21
229,30
1442,23
1161,10
2038,54
1821,56
2418,46
2478,60
525,28
1055,28
1342,21
461,43
1677,11
997,23
534,33
974,39
578,39
1092,31
916,34
35,56
673,47
134,35
1746,3
1925,5
226,38
1346,32
826,33
2179,6
608,39
541,49
2325,60
742,39
2459,60
2063,60
659,41
1323,21
502,57
1281,24
2434,3
96,49
2276,60
256,1
316,52
913,42
1628,24
2311,17
2228,19
2343,6
1212,45
749,55
353,55
532,57
1129,47
647,44
471,47
1464,37
2137,22
1163,45
2338,12
203,3
598,7
601,49
45,60
1836,30
163,52
853,4
1494,37
2091,27
198,9
1889,41
2049,30
188,1
1547,48
1729,25
2185,39
688,58
251,57
2345,28
991,59
1748,38
1866,30
2067,20
369,12
267,1
2440,36
1581,46
1782,36
1204,59
1,30
202,20
1060,51
1220,40
1702,43
2455,21
843,53
1459,56
977,53
1660,46
2257,36
961,45
61,17
878,10
1912,38
1012,10
1474,41
1956,44
1171,3
2291,34
794,53
1713,57
54,14
711,18
1234,59
2428,39
12,17
1091,10
1729,38
31,30
535,58
190,23
1604,43
1530,57
1865,47
487,17
2085,50
1481,57
1137,18
856,5
1296,11
616,23
1414,3
239,36
1037,16
373,36
137,25
1171,16
2074,49
491,28
1592,9
1652,60
1710,1
232,33
870,24
1451,6
88,25
349,29
1763,12
2277,4
1463,16
1022,14
1041,27
939,16
2018,9
1319,8
1076,21
1893,14
2020,55
1978,58
893,21
1490,11
717,24
1247,24
1534,17
2045,4
1929,58
391,39
592,29
14,52
330,29
1846,60
729,34
1265,14
907,40
1600,4
1108,30
48,50
1999,9
1976,25
2378,5
1015,24
1615,19
2036,12
539,31
2109,2
698,24
120,47
2288,4
736,50
1767,9
110,2
1128,22
2047,26
173,58
489,35
645,53
1906,23
1242,43
1207,22
629,45
1663,36
2461,16
1580,38
1184,38
1982,18
1404,41
402,2
443,40
2473,26
2192,13
1774,25
1994,28
934,48
1154,51
1892,17
656,40
2373,24
2051,10
413,53
1010,43
1492,46
834,46
314,10
1568,41
929,54
524,5
1663,49
1005,49
1165,38
702,48
2001,44
1008,54
1720,31
223,13
1780,45
1637,33
1678,34
2077,39
79,5
519,11
739,51
1396,55
2194,35
2092,24
991,6
1910,47
394,16
1894,39
75,7
94,20
1884,31
2190,37
1331,47
808,6
1947,50
109,5
1248,49
1905,53
1426,55
989,54
727,54
204,13
864,59
1375,9
1901,55
940,54
618,3
2194,48
838,6
2395,38
260,29
535,5
1361,47
2178,40
2312,40
856,60
1437,42
1329,14
1676,58
1447,6
1070,19
371,18
2365,51
1446,10
1331,60
530,11
664,11
2266,45
1500,17
606,6
644,32
1483,50
2039,2
960,9
583,22
165,34
321,22
1441,53
2057,56
2437,48
1055,17
659,17
1958,50
1039,9
1553,1
815,35
2050,53
378,34
1594,2
1150,25
2471,46
933,27
451,24
1395,58
2429,49
32,40
1386,9
252,43
1210,12
2390,57
2087,56
906,15
2381,8
1286,7
1506,10
845,35
2121,54
1643,15
1582,5
2124,59
2198,8
742,28
1862,59
1518,20
1256,20
282,43
1897,16
735,25
2369,11
1469,20
1073,20
495,43
1092,33
814,25
2371,57
2244,16
175,38
2489,49
906,28
992,31
1548,20
1985,21
2026,59
1723,21
2406,51
2323,16
1684,29
624,49
1582,18
1119,28
1320,18
2399,11
2003,11
2022,24
1939,26
323,57
2095,14
2255,3
106,59
441,49
2318,59
2392,8
1239,29
677,33
99,56
173,5
258,49
1787,19
612,52
2384,9
1966,21
2007,22
992,44
1107,31
1369,31
510,41
2125,14
91,57
2345,17
2463,9
825,52
2482,22
1783,21
1205,44
24,3
1163,47
681,44
700,57
786,60
1961,27
2475,19
1038,52
1836,32
1855,45
1459,45
163,54
1775,22
1357,34
1197,45
760,44
2155,14
980,47
80,19
2113,17
1292,53
2049,32
115,13
753,4
1787,32
1988,22
2384,22
1193,47
931,47
12,6
191,8
688,60
1288,55
2067,22
2287,25
2306,38
1144,47
1345,37
882,10
2076,27
1785,43
1262,2
301,1
119,24
977,55
1178,45
1880,51
658,9
2416,31
1098,52
1139,53
1130,4
1653,45
794,55
2166,41
1688,2
2386,44
1553,43
1164,2
727,1
1310,56
873,55
2067,35
1865,49
1521,10
285,33
2203,44
141,25
1421,8
540,30
2256,55
437,23
1717,43
220,25
1018,5
1298,59
1551,10
1812,51
1289,10
34,20
1636,54
634,15
1291,56
391,28
2328,52
1846,49
2006,1
1546,16
90,36
847,15
384,25
26,51
1839,9
562,31
1360,11
185,44
2353,1
2439,41
2103,55
565,36
1379,24
2237,55
740,37
1698,6
817,28
1254,29
159,28
1152,18
641,31
1774,1
1592,24
497,23
356,47
1751,17
139,49
1754,59
1029,32
592,31
1987,1
2121,1
1128,11
132,46
467,36
508,37
1661,16
527,50
1466,6
1223,19
1025,34
1663,25
326,33
485,26
2422,50
2033,9
1040,19
1656,22
481,55
219,55
2036,14
1439,24
2390,17
1020,40
1355,30
340,52
937,42
1534,32
1952,20
2434,60
876,32
1473,22
256,58
853,48
2248,18
1348,27
1367,40
1306,30
291,52
1325,43
511,55
2283,12
1108,45
2417,12
1906,25
629,47
785,35
2043,30
983,50
105,47
2199,18
485,39
283,53
443,42
200,55
24,58
2211,28
2412,18
1579,17
1834,41
1237,51
1515,32
656,42
1776,36
279,55
193,15
1077,35
177,7
707,7
1792,17
2146,20
2347,10
2206,34
387,2
929,56
10,15
304,4
568,50
1602,41
204,2
140,17
1681,41
2118,42
2412,31
2016,31
1001,53
82,12
1176,54
813,2
1377,44
2092,26
917,59
1077,48
2111,39
1514,49
655,59
378,10
1935,42
1472,52
1329,3
1967,31
1153,43
52,25
1609,57
1213,57
234,2
387,15
1111,46
1028,11
2263,29
1248,51
2266,34
1280,3
2285,47
1963,33
989,56
1544,49
1081,59
2342,29
2361,42
1965,42
979,11
146,10
165,23
1240,52
676,10
963,3
2217,34
82,25
720,16
981,57
1597,60
155,15
595,21
199,21
1453,52
1572,3
317,13
1833,44
1791,47
891,19
32,29
211,31
849,22
1969,53
2129,42
1009,11
2263,42
1270,52
1886,55
1742,47
2425,40
625,21
1222,11
1819,1
1046,14
2039,4
2460,34
123,39
21,28
1275,22
2178,55
796,24
400,24
956,13
1217,17
1092,22
1890,2
2432,56
1210,14
236,37
2349,58
2027,7
370,37
689,19
2425,53
1506,12
1464,15
289,48
187,37
321,37
1735,20
902,19
164,53
1036,19
400,37
419,50
1721,58
1217,30
157,50
1571,33
275,42
913,33
1274,12
1293,25
1427,25
453,48
1647,28
2371,59
2049,8
1126,33
152,56
1129,38
449,50
1068,28
2262,8
605,38
1362,17
2000,8
448,54
2220,11
219,2
1003,47
566,46
1121,39
818,38
642,41
1795,20
358,53
760,33
2477,54
1114,36
175,53
376,43
1033,47
2186,26
1193,36
1371,42
1646,18
1866,21
2463,11
1489,34
825,54
503,3
429,54
2086,24
1642,47
828,59
24,5
1121,52
1195,1
1060,42
1239,44
2474,25
17,2
1459,47
2014,40
195,8
1334,52
1535,42
1158,55
679,57
1190,44
1391,34
2208,27
155,57
2227,40
2368,16
1413,52
2010,42
12,8
1949,32
1572,45
503,16
1227,47
850,60
924,9
1782,40
1364,52
841,11
445,11
26,27
61,21
1181,52
1934,30
19,24
1736,45
2173,46
1213,4
533,16
1458,37
1873,50
357,19
711,22
2147,30
72,35
2252,46
956,55
1553,45
1687,45
1888,35
1470,47
551,6
2462,41
1386,53
2465,46
2184,33
1900,45
2423,49
1523,58
1201,7
1858,48
824,20
722,9
364,35
1599,53
1456,4
1194,4
1541,48
2096,41
1490,2
2032,56
1333,18
1011,4
2150,48
171,27
1929,49
1585,10
148,43
528,35
132,35
2140,3
2226,43
1441,2
266,35
486,38
527,39
2436,1
1421,23
939,20
1319,12
782,36
2397,46
303,38
1698,8
798,17
1235,18
2355,49
1018,20
2358,54
1136,12
1953,5
2233,59
736,41
2012,60
2265,11
212,41
2130,52
2204,1
1607,11
1524,13
2133,57
333,38
310,54
626,31
2021,1
2436,14
2126,54
2260,17
1184,29
124,49
284,38
702,26
740,52
1101,31
1538,32
1813,8
1918,24
682,47
797,34
1017,37
538,39
2214,22
717,41
276,39
18,3
2447,1
499,47
1390,26
1013,39
1128,26
1651,30
2248,20
1367,42
272,41
291,54
1325,45
450,47
1644,27
629,49
1979,17
2419,23
545,55
2317,12
223,4
1940,25
1081,35
66,57
1637,24
2415,25
1993,36
978,58
582,58
656,44
496,55
2488,15
353,6
917,48
17,57
1313,48
1096,50
1875,17
834,50
1431,40
2491,20
1632,30
1054,53
2248,33
649,4
387,4
693,47
1947,41
54,60
1088,51
651,50
1047,50
1864,43
986,40
2285,36
1164,46
820,7
424,7
1981,39
1940,38
1879,28
2099,31
500,2
216,14
1859,49
1160,48
1597,49
2069,44
2430,23
859,56
1389,56
470,15
630,4
2187,36
2171,28
1331,51
2088,30
725,12
1905,57
246,14
2467,26
28,20
845,13
2402,45
146,12
2099,44
1680,60
921,8
477,31
81,31
678,21
199,23
1437,46
1791,49
872,8
294,31
1092,11
1868,3
1210,3
549,28
2004,49
842,21
2048,55
449,26
1557,3
2124,50
324,31
21,30
62,31
1256,11
359,25
317,28
914,18
578,32
738,21
275,31
1730,15
1628,4
1733,57
747,26
1953,60
1328,8
1126,22
890,11
2425,55
446,34
2323,7
1263,27
826,26
886,40
1684,20
187,39
1920,4
122,58
1980,55
282,47
106,50
703,40
39,60
180,36
2334,58
661,43
1258,33
1418,22
2149,12
1753,12
316,45
913,35
696,37
1293,27
453,50
1251,30
833,42
268,4
1388,35
2448,15
18,58
1487,14
2323,20
1445,17
471,40
1665,20
1362,19
388,42
407,55
1186,22
723,32
962,48
1003,49
2484,59
1121,41
1878,20
78,1
1836,23
2235,28
2014,29
2308,18
300,50
214,10
1494,30
2132,21
131,12
855,43
1471,46
1672,36
2269,26
376,45
1429,49
730,48
2326,8
75,53
1505,44
806,43
283,2
1926,37
1489,36
2223,31
1345,28
1204,52
1303,31
161,12
904,56
1440,36
961,38
1095,1
2132,34
2292,23
2090,37
552,18
753,8
357,8
293,23
1569,42
889,54
366,13
526,2
672,56
1269,46
787,6
1866,36
1048,47
1604,36
1824,39
1428,39
2159,29
1386,42
1766,34
1785,47
1322,57
403,16
1960,48
1363,58
1919,47
2101,24
1858,37
144,21
259,8
102,24
396,13
1139,57
1777,48
1037,9
1493,60
156,31
2377,43
1477,52
2074,42
2230,30
1215,52
1652,53
475,13
494,26
810,3
452,29
1049,19
1131,58
2370,40
685,8
2127,53
2328,43
1469,53
509,11
266,24
1023,3
1983,45
68,39
183,26
2404,38
865,60
2081,58
2196,45
1673,4
2020,48
437,27
1557,58
1676,9
1078,60
2096,43
558,24
516,27
2434,38
1971,48
2351,40
330,22
927,12
509,24
2226,45
1166,28
1763,18
333,27
247,24
467,27
1444,9
2008,51
2302,3
1823,5
1883,56
1561,5
900,30
1538,21
657,43
2441,54
1353,12
797,23
2036,5
539,24
2316,59
934,28
1531,18
1295,7
1333,33
1432,12
55,59
1013,28
333,40
511,46
29,43
2302,16
208,45
2167,57
2241,6
344,54
1679,10
127,56
2422,54
2119,16
1279,39
580,38
1177,28
1397,31
1598,21
1910,27
1010,36
1492,39
2289,60
1986,22
1728,23
1172,34
1989,27
406,6
2123,27
1424,26
1047,39
1845,19
147,11
804,52
1401,42
482,1
64,13
191,54
788,44
1982,24
1586,24
2116,24
545,57
1142,47
957,1
1681,32
184,51
2412,22
2236,25
2396,14
276,54
582,60
774,1
2069,33
2229,22
1651,45
314,16
952,44
179,57
795,60
1111,37
1290,39
868,50
2107,32
1047,52
1382,42
1385,47
686,9
223,19
2122,17
644,12
1678,40
2495,33
1084,55
1419,45
500,4
1042,58
899,9
1993,51
975,4
2270,36
2449,38
1893,49
234,6
2088,32
1685,56
2046,35
1509,59
2106,49
2467,28
2023,51
686,22
1722,59
2479,38
2038,36
63,16
2060,54
81,33
2395,44
180,12
1715,56
1976,60
1057,56
116,27
713,17
872,10
1051,12
13,20
1312,16
370,28
1347,10
287,30
2425,44
331,36
1902,3
1659,16
826,15
248,38
2121,47
583,28
1997,11
742,21
305,20
1735,11
1342,16
860,13
2114,7
419,41
735,18
2337,52
1351,21
1951,16
1510,14
2193,44
1950,57
1031,16
814,18
2027,11
2068,12
194,44
152,47
909,26
331,49
2029,57
2383,60
1987,60
1381,21
1205,24
2325,55
1716,11
2022,17
2242,57
263,36
2021,58
106,52
1099,42
601,31
1635,22
1836,12
955,34
996,35
1316,13
1871,6
1494,19
1695,9
1031,29
635,29
258,42
814,31
1848,22
392,42
2068,25
2489,55
395,47
1107,24
1193,27
730,37
314,58
388,44
1843,28
1741,17
2398,21
483,52
87,52
1482,22
862,48
36,6
1794,28
2014,31
2375,10
1912,20
374,1
415,2
635,42
198,4
1653,25
2250,15
2451,5
2368,7
1729,20
1486,33
2102,36
732,59
892,48
1489,38
1843,41
84,60
748,40
1961,33
1121,56
598,15
885,45
1482,35
1303,33
2197,17
163,60
278,10
1995,31
1778,33
1200,56
195,12
2394,36
1998,36
1098,45
313,4
2352,39
762,59
459,58
2071,26
1433,35
1257,38
1014,51
491,10
54,9
711,13
1308,3
535,53
12,12
213,2
1352,46
1486,46
2150,26
149,17
190,18
369,20
2287,31
148,21
2462,32
487,12
151,26
1345,43
1667,57
1523,49
521,10
1481,52
741,13
875,13
1398,54
1181,56
102,26
2138,29
178,21
1768,1
114,36
1416,44
315,26
1330,4
2147,34
414,5
1266,19
2485,29
88,20
1629,44
528,26
1252,57
844,3
1763,7
2184,37
866,21
2381,56
2059,42
1025,14
125,23
1319,3
900,19
2377,58
1969,4
1592,17
2431,35
1853,58
1972,9
516,29
1550,20
1272,12
1349,3
1409,17
