userid,addedby,createdat
3855,29,2024-02-29
6206,37,2024-08-28
1528,118,2024-08-29
7830,14,2024-05-15
9257,78,2024-08-13
2078,116,2024-08-27
1706,58,2024-06-03
3732,78,2024-08-11
8717,5,2024-10-16
860,76,2024-05-20
4789,62,2024-09-26
6027,103,2024-09-26
8212,120,2024-07-09
3364,65,2024-08-19
7246,25,2024-10-29
849,115,2024-07-31
7727,112,2024-03-16
7340,67,2024-10-07
3613,75,2024-09-11
9811,28,2024-07-08
7179,62,2024-08-24
1629,52,2024-02-11
3430,25,2024-11-10
8018,33,2024-02-15
8560,54,2024-01-20
7,117,2024-02-08
3137,17,2024-11-06
5888,96,2024-11-11
9763,57,2024-08-13
8155,74,2024-10-07
149,38,2024-10-12
9737,58,2024-03-28
7760,114,2024-02-28
505,74,2024-01-21
1808,24,2024-10-13
8130,89,2024-11-14
2996,117,2024-02-23
8354,79,2024-10-08
4349,35,2024-09-27
10433,28,2024-03-10
6273,110,2024-10-17
1640,22,2024-10-30
7552,59,2024-01-29
3591,20,2024-02-20
1163,38,2024-01-02
289,12,2024-04-19
1604,65,2024-03-10
5166,76,2024-10-17
5288,118,2024-10-04
3738,44,2024-03-05
3890,117,2024-02-16
8790,40,2024-04-20
5231,9,2024-02-10
1408,55,2024-06-30
7943,96,2024-06-12
8649,64,2024-05-12
5890,10,2024-10-22
5669,100,2024-07-18
9090,55,2024-05-14
1664,41,2024-10-28
4267,2,2024-07-27
5031,24,2024-01-04
4180,79,2024-02-22
10385,12,2024-04-15
575,96,2024-07-14
3291,46,2024-05-16
3254,23,2024-02-17
4694,113,2024-06-28
7454,40,2024-06-25
10355,82,2024-08-26
9179,67,2024-10-22
3636,116,2024-06-25
10076,43,2024-04-24
9099,119,2024-03-07
7314,93,2024-05-28
5636,42,2024-05-17
8274,97,2024-05-26
7734,90,2024-09-12
706,94,2024-01-13
3874,6,2024-10-26
190,113,2024-05-13
2287,49,2024-02-18
4289,63,2024-10-13
9029,105,2024-03-31
5229,98,2024-03-01
10322,54,2024-11-21
10442,25,2024-11-12
3617,95,2024-09-10
9155,76,2024-02-07
928,100,2024-04-25
1693,53,2024-03-04
4583,68,2024-01-03
8344,55,2024-10-25
2815,11,2024-01-12
1377,18,2024-10-20
5498,84,2024-04-04
7834,37,2024-09-09
3965,103,2024-05-04
3335,87,2024-02-17
10573,5,2024-07-08
7253,106,2024-05-16
8644,59,2024-01-31
7345,100,2024-06-23
2073,117,2024-10-23
6695,11,2024-09-29
3220,44,2024-03-26
2178,29,2024-02-20
7495,4,2024-11-08
4355,21,2024-02-15
10386,68,2024-03-23
9786,7,2024-10-07
6426,55,2024-06-01
921,73,2024-11-16
8699,4,2024-08-27
1156,35,2024-07-26
3469,71,2024-01-19
167,13,2024-06-07
10617,42,2024-05-17
6321,39,2024-10-10
1771,56,2024-09-19
8538,52,2024-10-14
8373,114,2024-06-06
3212,119,2024-04-12
880,41,2024-04-12
4759,44,2024-04-17
11,93,2024-09-13
583,31,2024-11-16
8211,38,2024-03-05
6839,6,2024-09-09
5934,5,2024-05-24
2626,111,2024-11-03
9002,76,2024-10-14
4833,85,2024-08-16
8040,62,2024-06-15
6198,76,2024-11-03
708,92,2024-06-27
1015,21,2024-02-04
5772,7,2024-06-09
2109,50,2024-09-09
2148,53,2024-02-23
5021,17,2024-05-03
8747,23,2024-01-16
617,89,2024-07-18
4685,74,2024-08-23
6691,21,2024-10-06
5173,60,2024-03-19
3761,103,2024-02-12
9925,67,2024-08-29
4434,59,2024-01-09
6690,105,2024-01-22
7081,51,2024-06-28
5900,30,2024-01-22
2757,82,2024-05-07
2806,74,2024-01-02
6910,71,2024-01-24
8606,114,2024-07-26
9019,65,2024-10-11
8154,71,2024-05-03
4150,58,2024-11-12
5594,100,2024-10-12
5747,33,2024-02-17
2929,3,2024-09-07
7841,6,2024-06-11
9047,34,2024-10-19
3175,12,2024-10-07
3084,4,2024-04-22
8789,42,2024-01-01
9264,10,2024-03-17
1378,77,2024-02-05
8178,110,2024-08-15
1000,74,2024-04-30
2323,52,2024-02-24
9161,83,2024-04-15
4102,33,2024-04-26
1350,107,2024-05-01
8725,85,2024-03-26
10008,100,2024-04-04
1766,70,2024-06-20
4233,94,2024-01-22
1136,77,2024-09-24
1905,115,2024-04-16
9693,70,2024-11-12
8359,7,2024-05-01
5260,56,2024-08-21
1496,48,2024-03-13
2888,100,2024-10-21
8946,77,2024-03-24
6554,14,2024-04-05
4751,39,2024-03-19
6228,98,2024-06-04
7007,99,2024-06-12
3198,69,2024-08-02
2922,7,2024-03-18
7232,88,2024-06-14
3920,92,2024-01-01
3429,63,2024-06-29
7275,25,2024-02-05
9907,53,2024-04-25
1959,107,2024-01-26
6936,54,2024-10-13
2504,114,2024-09-27
956,77,2024-07-13
749,70,2024-07-15
717,1,2024-11-05
9673,68,2024-03-05
1135,28,2024-02-22
6676,15,2024-09-19
6402,16,2024-01-14
4567,21,2024-09-09
10140,58,2024-04-19
10097,46,2024-02-04
595,5,2024-10-16
9348,25,2024-03-14
1475,84,2024-11-15
5958,36,2024-01-29
337,54,2024-03-11
1754,21,2024-10-19
10465,30,2024-11-15
10025,65,2024-01-04
5149,96,2024-06-10
4743,93,2024-06-06
7432,68,2024-10-11
2486,47,2024-09-21
5103,109,2024-08-10
9861,52,2024-03-15
3828,6,2024-08-04
3439,96,2024-06-30
8880,74,2024-01-15
9951,29,2024-02-14
2131,108,2024-09-15
2532,109,2024-08-05
3946,101,2024-08-21
7775,50,2024-06-29
233,80,2024-06-01
10667,80,2024-02-04
7963,33,2024-08-13
5314,106,2024-05-15
6215,85,2024-05-24
3881,60,2024-06-19
9778,34,2024-08-27
761,2,2024-02-10
4701,98,2024-08-28
1668,32,2024-05-09
3357,84,2024-02-03
1785,119,2024-09-25
8605,89,2024-09-05
6257,2,2024-07-02
2600,76,2024-09-17
5486,34,2024-03-26
1545,23,2024-11-20
4495,64,2024-10-01
900,109,2024-04-24
1515,40,2024-03-25
1874,114,2024-09-17
4773,89,2024-04-05
10673,44,2024-01-24
640,51,2024-10-05
4385,119,2024-03-08
4325,82,2024-02-24
6065,47,2024-08-04
7812,101,2024-06-03
2671,103,2024-04-07
194,6,2024-07-13
345,4,2024-08-04
1433,72,2024-05-25
692,21,2024-01-26
4034,82,2024-11-19
10735,33,2024-04-10
8079,19,2024-03-24
1312,58,2024-11-16
10416,15,2024-02-11
197,109,2024-04-30
4640,12,2024-09-27
3715,84,2024-09-11
8065,65,2024-01-03
2334,96,2024-06-22
6868,101,2024-04-07
8467,13,2024-01-28
8038,62,2024-02-28
1477,111,2024-08-19
6686,105,2024-01-24
2151,100,2024-07-09
6804,79,2024-02-06
8763,68,2024-07-08
2992,29,2024-01-17
357,56,2024-02-01
6036,54,2024-10-03
5652,78,2024-07-13
5204,110,2024-06-28
4324,70,2024-08-08
9349,8,2024-10-12
4591,49,2024-07-22
2239,86,2024-07-08
1541,48,2024-01-02
4091,5,2024-10-22
8287,13,2024-09-18
8261,48,2024-04-02
8288,111,2024-04-24
6932,31,2024-10-09
9215,63,2024-03-29
9358,18,2024-11-02
5001,91,2024-03-06
4862,16,2024-03-28
10284,105,2024-11-04
6826,50,2024-07-21
5629,115,2024-04-16
6139,78,2024-09-15
1721,99,2024-04-25
4482,78,2024-04-28
8034,2,2024-04-26
8069,81,2024-05-13
8335,25,2024-10-18
6390,92,2024-08-13
1180,57,2024-09-29
2644,86,2024-01-01
6625,80,2024-09-11
10387,37,2024-02-08
9915,114,2024-01-09
10238,55,2024-09-16
10731,28,2024-10-25
10587,38,2024-10-05
3545,4,2024-01-12
1943,70,2024-03-13
1611,108,2024-10-21
9820,92,2024-06-23
1513,120,2024-03-25
1047,100,2024-02-07
7917,43,2024-08-06
9281,38,2024-08-20
6239,88,2024-01-26
6830,20,2024-01-28
9112,26,2024-03-26
55,12,2024-08-09
5457,7,2024-09-16
1978,71,2024-11-20
7132,50,2024-08-15
4139,83,2024-05-01
6931,9,2024-08-10
8083,91,2024-08-16
9663,90,2024-02-17
3411,116,2024-01-01
3202,38,2024-05-26
7066,92,2024-01-11
1980,78,2024-06-17
6558,52,2024-01-15
7778,33,2024-08-03
8424,106,2024-04-20
2722,47,2024-07-09
240,11,2024-10-12
84,11,2024-06-27
4571,15,2024-08-14
8759,7,2024-06-13
969,56,2024-08-07
5437,102,2024-10-02
10325,39,2024-09-10
2676,79,2024-09-04
9398,45,2024-06-14
7155,28,2024-04-04
6313,113,2024-10-24
8410,30,2024-06-19
2002,11,2024-03-19
8520,20,2024-07-28
7540,40,2024-06-15
6383,27,2024-06-02
1725,88,2024-10-02
635,48,2024-06-29
2247,19,2024-01-07
8068,13,2024-07-27
2447,12,2024-03-31
5353,112,2024-09-20
3181,109,2024-07-12
7996,73,2024-10-13
3504,98,2024-04-08
6219,52,2024-02-09
3390,91,2024-05-02
605,57,2024-07-26
907,28,2024-01-23
3742,85,2024-02-06
30,23,2024-10-05
360,44,2024-06-28
10182,96,2024-10-28
6271,53,2024-11-02
5623,18,2024-02-27
9456,40,2024-05-16
214,93,2024-07-27
9548,78,2024-04-28
4537,77,2024-04-25
6718,1,2024-10-16
797,108,2024-05-21
2791,35,2024-04-10
8876,39,2024-07-02
5701,105,2024-03-10
6915,31,2024-03-07
5057,75,2024-03-03
10402,69,2024-07-31
7344,84,2024-06-17
6155,101,2024-04-13
5170,105,2024-09-03
1885,111,2024-10-09
9241,55,2024-06-28
3247,35,2024-08-14
4051,28,2024-05-14
10569,119,2024-09-29
3782,16,2024-04-15
10160,62,2024-08-21
6059,46,2024-02-11
1107,94,2024-09-22
4466,37,2024-06-03
3900,3,2024-06-15
8282,3,2024-10-16
9171,84,2024-09-26
8755,76,2024-03-30
8670,14,2024-02-20
2576,67,2024-08-01
5145,84,2024-01-27
6436,7,2024-05-12
2134,69,2024-06-18
5469,93,2024-05-17
5185,22,2024-01-23
9822,46,2024-02-19
9266,85,2024-11-15
10297,19,2024-10-25
1048,9,2024-08-17
1351,21,2024-03-20
8796,112,2024-04-05
4491,88,2024-07-06
5843,56,2024-10-16
5625,120,2024-07-20
10109,53,2024-04-17
1710,74,2024-07-05
7740,5,2024-05-10
5217,49,2024-11-03
9093,64,2024-05-08
6472,79,2024-08-14
10310,102,2024-09-23
3974,115,2024-01-10
3459,57,2024-03-30
5359,69,2024-04-15
7182,105,2024-09-26
8230,15,2024-09-21
7587,83,2024-07-06
2762,1,2024-01-31
7292,114,2024-04-16
2055,37,2024-03-30
8681,18,2024-06-28
8406,1,2024-01-27
290,89,2024-10-11
4265,33,2024-02-26
789,112,2024-02-20
1854,63,2024-06-12
6368,73,2024-04-13
6076,14,2024-06-06
5576,43,2024-07-26
3218,119,2024-10-09
5970,104,2024-01-10
3345,112,2024-08-21
7267,19,2024-09-26
7173,2,2024-05-11
7774,68,2024-06-24
6773,101,2024-05-03
9844,79,2024-02-02
8266,54,2024-11-07
2031,106,2024-09-02
2277,99,2024-07-28
3444,67,2024-01-29
9210,59,2024-01-29
3139,1,2024-08-12
5177,115,2024-04-29
5562,13,2024-04-14
889,31,2024-09-09
7511,28,2024-02-16
8386,117,2024-02-11
5295,52,2024-08-19
9075,84,2024-10-01
6833,101,2024-09-02
527,99,2024-03-21
8029,56,2024-09-08
17,5,2024-04-29
2058,65,2024-02-02
3214,49,2024-09-18
9594,4,2024-02-24
7245,83,2024-03-11
2905,77,2024-08-25
3997,57,2024-06-19
2180,114,2024-07-18
3416,7,2024-09-16
5496,109,2024-10-26
6820,99,2024-03-07
7803,7,2024-01-18
7884,68,2024-09-16
1692,65,2024-02-28
6532,113,2024-03-14
3938,50,2024-02-26
10745,97,2024-05-19
7813,53,2024-10-26
9532,117,2024-04-12
4680,65,2024-11-07
10426,119,2024-03-17
1883,34,2024-04-15
3621,22,2024-06-12
